Christmas Pickle Mix - LIMITED AVAILABILITY,10033,,"Give the gift of homemade this Christmas. This holiday favorite makes up to one gallon of easy, delicious sweet pickles or pickled peppers to share with friends and family this holiday season. No cooking or canning required! Start with a jar of dill pickle slices or yellow pepper rings and follow the simple directions to complete with just a few basic kitchen ingredients. You will be amazed with the results and the raves you will receive. Packet includes the story ""Legend of the Christmas Pickle."" Start your own family tradition today!
Gluten-Free
Vegan
Available for a limited time only!",,,,,,,,,,,,,,CountryHome400,CountryHome160, //countryhomecreations.com/cdn/shop/products/10033CP-Christmas-Pickle-2017-1.jpg?v=1569011673&width=1946 1946w,10033CP-Christmas-Pickle-2017-1.jpg?v=1569011673&width=1946 1946w,,,CountryHome800,10033CP-Christmas-Pickle-2017-1.jpg?v=1569011673&width=1946 1946w,
Chocolate Covered Cherry Dip Mix,10072,," Our Chocolate Covered Cherry Dip Mix delivers an explosion of chocolatey decadence with every bite. The rich, velvety chocolate flavor is complemented by sweet cherry undertones, creating a chocolate cherry flavor profile that is simply divine. Great with graham cracker sticks, over a brownie, or just eat it with a spoon!
Vegan

 ",,,,,,,,,,,,,,CountryHome400,CountryHome160, //countryhomecreations.com/cdn/shop/files/chocolatecoveredCherry.jpg?v=1704999074&width=1946 1946w,chocolatecoveredCherry.jpg?v=1704999074&width=1946 1946w,,,CountryHome800,chocolatecoveredCherry.jpg?v=1704999074&width=1946 1946w,
Chocolate Milkshake Dip Mix,10174,,"What's better than a milkshake, you ask? A milkshake in dip form! Our Chocolate Milkshake Dip Mix is a chocoholic's dream come true. Crafted with top-notch ingredients, this mix is packed with all the chocolatey goodness you could ever want in a sweet treat.",,,,,,,,,,,,,,CountryHome400,CountryHome160, //countryhomecreations.com/cdn/shop/files/chocolatemilkshake.jpg?v=1708377785&width=1946 1946w,chocolatemilkshake.jpg?v=1708377785&width=1946 1946w,,,CountryHome800,chocolatemilkshake.jpg?v=1708377785&width=1946 1946w,
Mexicali Dip Mix,10180,,"Mexicali Dip Mix takes your dips to the next level with an expertly balanced blend of zippy peppers and a blend of cheeses. The mild spiciness adds excitement without overpowering, making this dip family-friendly. The smooth, creamy base ensures your chips will be scooped to the bottom of the bowl.
Gluten Free",,,,,,,,,,,,,,CountryHome400,CountryHome160, //countryhomecreations.com/cdn/shop/files/MexicaliDipMix.png?v=1707499049&width=1946 1946w,MexicaliDipMix.png?v=1707499049&width=1946 1946w,,,CountryHome800,MexicaliDipMix.png?v=1707499049&width=1946 1946w,
Chipotle BBQ Sauce Mix,10182,,"This mouthwatering chipotle BBQ sauce mix infuses a touch of heat and a whole lot of flavor into every bite. The tangy spice and sweet molasses combine to create a rich, addictive sauce you'll want to slather on everything. Grill up juicy chicken, succulent shrimp, or sizzling ribs and take them over the top with this crave-worthy chipotle BBQ blend.",,,,,,,,,,,,,,CountryHome400,CountryHome160, //countryhomecreations.com/cdn/shop/files/chipotleBBQ.jpg?v=1704999512&width=1946 1946w,chipotleBBQ.jpg?v=1704999512&width=1946 1946w,,,CountryHome800,chipotleBBQ.jpg?v=1704999512&width=1946 1946w,
Creamy Jalapeño Dip Mix,10183,,"If you love spicy dips, this addicting jalapeño dip mix must be your next appetizer. Combining creaminess and heat, this versatile blend jazzes up any cracker, tortilla chip, or vegetable.
Gluten Free
Vegan",,,,,,,,,,,,,,CountryHome400,CountryHome160, //countryhomecreations.com/cdn/shop/files/CreamyJalapenoDipMixTag.png?v=1707499171&width=1946 1946w,CreamyJalapenoDipMixTag.png?v=1707499171&width=1946 1946w,,,CountryHome800,CreamyJalapenoDipMixTag.png?v=1707499171&width=1946 1946w,
Cafe Mocha Dip Mix,10184,,"Chocolate fans and coffee lovers can enjoy mocha perfection anytime. Dip your favorite fruits, pretzels, or cookies into this decadent mix. Use it to enhance desserts, elevate breakfasts, or sweeten your afternoon. However you indulge, this mocha dip brings heavenly flavor to the everyday.
Vegan",,,,,,,,,,,,,,CountryHome400,CountryHome160, //countryhomecreations.com/cdn/shop/files/cafemocha.jpg?v=1704996598&width=1946 1946w,cafemocha.jpg?v=1704996598&width=1946 1946w,,,CountryHome800,cafemocha.jpg?v=1704996598&width=1946 1946w,
No Bake Mocha Latte Cheesecake Mix,10185,,"Give in to your coffeehouse cravings without leaving the house. This cheesecake mix takes all the work out of creating a sensational mocha dessert. For the coffee lover who needs their fix in cheesecake form, this No Bake Mocha Latte Cheesecake Mix delivers.
Ve",,,,,,,,,,,,,,CountryHome400,CountryHome160, //countryhomecreations.com/cdn/shop/files/No-BakeMochaLatteTag.jpg?v=1704998776&width=1946 1946w,No-BakeMochaLatteTag.jpg?v=1704998776&width=1946 1946w,,,CountryHome800,No-BakeMochaLatteTag.jpg?v=1704998776&width=1946 1946w,
Taste of Michigan - Michigan Cherry Almond Dip Mix,10187,,"Our Michigan Cherry Almond Dip Mix delivers sweetness from tart cherries balanced by the richness of almond. Every creamy bite is a delightful pop of summer flavor. You'll love having this easy appetizer on hand for game days, parties, or when unexpected guests drop by.
-Gluten Free",,,,,,,,,,,,,,CountryHome400,CountryHome160, //countryhomecreations.com/cdn/shop/files/MichiganCherryalmond2.jpg?v=1704997320&width=1946 1946w,MichiganCherryalmond2.jpg?v=1704997320&width=1946 1946w,,,CountryHome800,MichiganCherryalmond2.jpg?v=1704997320&width=1946 1946w,
Taste of Michigan Blueberries & Cream Dip Mix,10188,,"This smooth and creamy blueberry dip will transport your tastebuds to the lush blueberry fields of western Michigan. Each luxurious bite bursts with the sweet yet slightly tart taste of plump, juicy blueberries. Whip up this easy dip to enjoy as a snack with fresh fruit, as a spread on muffins and bagels, or even use it in parfaits for a sweet twist on dessert.

-Vega",,,,,,,,,,,,,,CountryHome400,CountryHome160, //countryhomecreations.com/cdn/shop/files/MichiganBlueberries_Cream2.jpg?v=1704996887&width=1946 1946w,MichiganBlueberries_Cream2.jpg?v=1704996887&width=1946 1946w,,,CountryHome800,MichiganBlueberries_Cream2.jpg?v=1704996887&width=1946 1946w,
Taste of Michigan - Michigan Dill Pickle Dip Mix,10189,,"As the number one producer of pickling cucumbers, Michigan knows a thing or two about delicious dill pickles. Now you can recreate that authentic flavor at home with this zippy Michigan Dill Pickle Dip Mix. Super easy to make, just add sour cream and mayo - this creamy texture is perfect for dipping chips, veggies, pretzels and more!
-Gluten Free
-Vegan",,,,,,,,,,,,,,CountryHome400,CountryHome160, //countryhomecreations.com/cdn/shop/files/MIchiganDillPickle2.jpg?v=1704997192&width=1946 1946w,MIchiganDillPickle2.jpg?v=1704997192&width=1946 1946w,,,CountryHome800,MIchiganDillPickle2.jpg?v=1704997192&width=1946 1946w,
Taste of Michigan - Michigan Craft Beer Cheese Spread Mix,10190,,"Beer and cheese are a match made in heaven. The mellow notes of craft beer perfectly balance the sharp cheddar and jalapenos. This gourmet spread is sure to be the highlight of your party. Spread it on crackers, pretzels, tortilla chips or veggies for an instant crowd-pleaser.",,,,,,,,,,,,,,CountryHome400,CountryHome160, //countryhomecreations.com/cdn/shop/files/MichiganCraftBeerChese2.jpg?v=1704997426&width=1946 1946w,MichiganCraftBeerChese2.jpg?v=1704997426&width=1946 1946w,,,CountryHome800,MichiganCraftBeerChese2.jpg?v=1704997426&width=1946 1946w,
Browne Batter Dip Mix,10194,,"When a chocolate craving strikes, Brownie Batter Dip Mix is the quick fix for experiencing chocolate nirvana in minutes. No oven required! This sinfully indulgent chocolatey goodness is a must to have on hand for gatherings or just for yourself!",,,,,,,,,,,,,,CountryHome400,CountryHome160, //countryhomecreations.com/cdn/shop/files/BrownieBatter.png?v=1708372462&width=1946 1946w,BrownieBatter.png?v=1708372462&width=1946 1946w,,,CountryHome800,BrownieBatter.png?v=1708372462&width=1946 1946w,
Frosted Sprinkle Cookie Dip Mix,10197,,The Frosted Sprinkle Cookie Dip Mix is perfect for anyone with a sweet tooth looking for a fun new way to satisfy cookie cravings. The sprinkle-filled dip makes an indulgent dessert or snack that brings joy to kids and adults alike.,,,,,,,,,,,,,,CountryHome400,CountryHome160, //countryhomecreations.com/cdn/shop/files/FrostedSprinkleCookieDipMix.jpg?v=1704998312&width=1946 1946w,FrostedSprinkleCookieDipMix.jpg?v=1704998312&width=1946 1946w,,,CountryHome800,FrostedSprinkleCookieDipMix.jpg?v=1704998312&width=1946 1946w,
Raspberry Lemonade Mix,11030,,"On steamy hot days when you need to cool down fast, our raspberry lemonade mix is just what you need. This mix delivers the perfect balance of sweet and tart all natural flavors and colors - no artificial ingredients, for a cool drink that will transport your taste buds. Keep plenty on hand for impromptu gatherings with friends this summer!
Vegan",,,,,,,,,,,,,,CountryHome400,CountryHome160, //countryhomecreations.com/cdn/shop/files/RaspberryLemonade.jpg?v=1704998598&width=1946 1946w,RaspberryLemonade.jpg?v=1704998598&width=1946 1946w,,,CountryHome800,RaspberryLemonade.jpg?v=1704998598&width=1946 1946w,
