b'S2110 Bunny Wand Set (3A)',b'S2110',,,,,,,b'',,2,17.75,8,15.975,,,2,Honeyme400,Honeyme160,https://cdn11.bigcommerce.com/s-lbfvygiv1l/images/stencil/original/products/3502/8238/S2110__56551.1611339196.jpg,S2110__56551.1611339196.jpg,,,Honeyme800,S2110__56551.1611339196.jpg,
b'S2110 Bunny Wand Set (3A)',b'S2110',,,,,,,b'',,2,17.75,8,15.975,,,2,Honeyme400,Honeyme160,https://cdn11.bigcommerce.com/s-lbfvygiv1l/images/stencil/original/products/3502/8238/S2110__56551.1611339196.jpg,S2110__56551.1611339196.jpg,,,Honeyme800,S2110__56551.1611339196.jpg,
b'S2110 Bunny Wand Set (3A)',b'S2110',,,,,,,b'',,2,17.75,8,15.975,,,2,Honeyme400,Honeyme160,https://cdn11.bigcommerce.com/s-lbfvygiv1l/images/stencil/original/products/3502/8238/S2110__56551.1611339196.jpg,S2110__56551.1611339196.jpg,,,Honeyme800,S2110__56551.1611339196.jpg,
b'S2110 Bunny Wand Set (3A)',b'S2110',,,,,,,b'',,2,17.75,8,15.975,,,2,Honeyme400,Honeyme160,https://cdn11.bigcommerce.com/s-lbfvygiv1l/images/stencil/original/products/3502/8238/S2110__56551.1611339196.jpg,S2110__56551.1611339196.jpg,,,Honeyme800,S2110__56551.1611339196.jpg,
b'S2110 Bunny Wand Set (3A)',b'S2110',,,,,,,b'',,2,17.75,8,15.975,,,2,Honeyme400,Honeyme160,https://cdn11.bigcommerce.com/s-lbfvygiv1l/images/stencil/original/products/3502/8238/S2110__56551.1611339196.jpg,S2110__56551.1611339196.jpg,,,Honeyme800,S2110__56551.1611339196.jpg,
b'S2110 Bunny Wand Set (3A)',b'S2110',,,,,,,b'',,2,17.75,8,15.975,,,2,Honeyme400,Honeyme160,https://cdn11.bigcommerce.com/s-lbfvygiv1l/images/stencil/original/products/3502/8238/S2110__56551.1611339196.jpg,S2110__56551.1611339196.jpg,,,Honeyme800,S2110__56551.1611339196.jpg,
b'S2110 Bunny Wand Set (3A)',b'S2110',,,,,,,b'',,2,17.75,8,15.975,,,2,Honeyme400,Honeyme160,https://cdn11.bigcommerce.com/s-lbfvygiv1l/images/stencil/original/products/3502/8238/S2110__56551.1611339196.jpg,S2110__56551.1611339196.jpg,,,Honeyme800,S2110__56551.1611339196.jpg,
b'S2110 Bunny Wand Set (3A)',b'S2110',,,,,,,b'',,2,17.75,8,15.975,,,2,Honeyme400,Honeyme160,https://cdn11.bigcommerce.com/s-lbfvygiv1l/images/stencil/original/products/3502/8238/S2110__56551.1611339196.jpg,S2110__56551.1611339196.jpg,,,Honeyme800,S2110__56551.1611339196.jpg,
b'S2110 Bunny Wand Set (3A)',b'S2110',,,,,,,b'',,2,17.75,8,15.975,,,2,Honeyme400,Honeyme160,https://cdn11.bigcommerce.com/s-lbfvygiv1l/images/stencil/original/products/3502/8238/S2110__56551.1611339196.jpg,S2110__56551.1611339196.jpg,,,Honeyme800,S2110__56551.1611339196.jpg,
b'S2110 Bunny Wand Set (3A)',b'S2110',,,,,,,b'',,2,17.75,8,15.975,,,2,Honeyme400,Honeyme160,https://cdn11.bigcommerce.com/s-lbfvygiv1l/images/stencil/original/products/3502/8238/S2110__56551.1611339196.jpg,S2110__56551.1611339196.jpg,,,Honeyme800,S2110__56551.1611339196.jpg,
b'S2110 Bunny Wand Set (3A)',b'S2110',,,,,,,b'',,2,17.75,8,15.975,,,2,Honeyme400,Honeyme160,https://cdn11.bigcommerce.com/s-lbfvygiv1l/images/stencil/original/products/3502/8238/S2110__56551.1611339196.jpg,S2110__56551.1611339196.jpg,,,Honeyme800,S2110__56551.1611339196.jpg,
b'S2110 Bunny Wand Set (3A)',b'S2110',,,,,,,b'',,2,17.75,8,15.975,,,2,Honeyme400,Honeyme160,https://cdn11.bigcommerce.com/s-lbfvygiv1l/images/stencil/original/products/3502/8238/S2110__56551.1611339196.jpg,S2110__56551.1611339196.jpg,,,Honeyme800,S2110__56551.1611339196.jpg,
b'S2110 Bunny Wand Set (3A)',b'S2110',,,,,,,b'',,2,17.75,8,15.975,,,2,Honeyme400,Honeyme160,https://cdn11.bigcommerce.com/s-lbfvygiv1l/images/stencil/original/products/3502/8238/S2110__56551.1611339196.jpg,S2110__56551.1611339196.jpg,,,Honeyme800,S2110__56551.1611339196.jpg,
b'S2110 Bunny Wand Set (3A)',b'S2110',,,,,,,b'',,2,17.75,8,15.975,,,2,Honeyme400,Honeyme160,https://cdn11.bigcommerce.com/s-lbfvygiv1l/images/stencil/original/products/3502/8238/S2110__56551.1611339196.jpg,S2110__56551.1611339196.jpg,,,Honeyme800,S2110__56551.1611339196.jpg,
b'S2110 Bunny Wand Set (3A)',b'S2110',,,,,,,b'',,2,17.75,8,15.975,,,2,Honeyme400,Honeyme160,https://cdn11.bigcommerce.com/s-lbfvygiv1l/images/stencil/original/products/3502/8238/S2110__56551.1611339196.jpg,S2110__56551.1611339196.jpg,,,Honeyme800,S2110__56551.1611339196.jpg,
b'S2110 Bunny Wand Set (3A)',b'S2110',,,,,,,b'',,2,17.75,8,15.975,,,2,Honeyme400,Honeyme160,https://cdn11.bigcommerce.com/s-lbfvygiv1l/images/stencil/original/products/3502/8238/S2110__56551.1611339196.jpg,S2110__56551.1611339196.jpg,,,Honeyme800,S2110__56551.1611339196.jpg,
b'S2110 Bunny Wand Set (3A)',b'S2110',,,,,,,b'',,2,17.75,8,15.975,,,2,Honeyme400,Honeyme160,https://cdn11.bigcommerce.com/s-lbfvygiv1l/images/stencil/original/products/3502/8238/S2110__56551.1611339196.jpg,S2110__56551.1611339196.jpg,,,Honeyme800,S2110__56551.1611339196.jpg,
b'S2110 Bunny Wand Set (3A)',b'S2110',,,,,,,b'',,2,17.75,8,15.975,,,2,Honeyme400,Honeyme160,https://cdn11.bigcommerce.com/s-lbfvygiv1l/images/stencil/original/products/3502/8238/S2110__56551.1611339196.jpg,S2110__56551.1611339196.jpg,,,Honeyme800,S2110__56551.1611339196.jpg,
b'S2110 Bunny Wand Set (3A)',b'S2110',,,,,,,b'',,2,17.75,8,15.975,,,2,Honeyme400,Honeyme160,https://cdn11.bigcommerce.com/s-lbfvygiv1l/images/stencil/original/products/3502/8238/S2110__56551.1611339196.jpg,S2110__56551.1611339196.jpg,,,Honeyme800,S2110__56551.1611339196.jpg,
b'S2110 Bunny Wand Set (3A)',b'S2110',,,,,,,b'',,2,17.75,8,15.975,,,2,Honeyme400,Honeyme160,https://cdn11.bigcommerce.com/s-lbfvygiv1l/images/stencil/original/products/3502/8238/S2110__56551.1611339196.jpg,S2110__56551.1611339196.jpg,,,Honeyme800,S2110__56551.1611339196.jpg,
b'S2110 Bunny Wand Set (3A)',b'S2110',,,,,,,b'',,2,17.75,8,15.975,,,2,Honeyme400,Honeyme160,https://cdn11.bigcommerce.com/s-lbfvygiv1l/images/stencil/original/products/3502/8238/S2110__56551.1611339196.jpg,S2110__56551.1611339196.jpg,,,Honeyme800,S2110__56551.1611339196.jpg,
b'S2110 Bunny Wand Set (3A)',b'S2110',,,,,,,b'',,2,17.75,8,15.975,,,2,Honeyme400,Honeyme160,https://cdn11.bigcommerce.com/s-lbfvygiv1l/images/stencil/original/products/3502/8238/S2110__56551.1611339196.jpg,S2110__56551.1611339196.jpg,,,Honeyme800,S2110__56551.1611339196.jpg,
b'S2110 Bunny Wand Set (3A)',b'S2110',,,,,,,b'',,2,17.75,8,15.975,,,2,Honeyme400,Honeyme160,https://cdn11.bigcommerce.com/s-lbfvygiv1l/images/stencil/original/products/3502/8238/S2110__56551.1611339196.jpg,S2110__56551.1611339196.jpg,,,Honeyme800,S2110__56551.1611339196.jpg,
b'S2110 Bunny Wand Set (3A)',b'S2110',,,,,,,b'',,2,17.75,8,15.975,,,2,Honeyme400,Honeyme160,https://cdn11.bigcommerce.com/s-lbfvygiv1l/images/stencil/original/products/3502/8238/S2110__56551.1611339196.jpg,S2110__56551.1611339196.jpg,,,Honeyme800,S2110__56551.1611339196.jpg,
b'S2110 Bunny Wand Set (3A)',b'S2110',,,,,,,b'',,2,17.75,8,15.975,,,2,Honeyme400,Honeyme160,https://cdn11.bigcommerce.com/s-lbfvygiv1l/images/stencil/original/products/3502/8238/S2110__56551.1611339196.jpg,S2110__56551.1611339196.jpg,,,Honeyme800,S2110__56551.1611339196.jpg,
b'S2110 Bunny Wand Set (3A)',b'S2110',,,,,,,b'',,2,17.75,8,15.975,,,2,Honeyme400,Honeyme160,https://cdn11.bigcommerce.com/s-lbfvygiv1l/images/stencil/original/products/3502/8238/S2110__56551.1611339196.jpg,S2110__56551.1611339196.jpg,,,Honeyme800,S2110__56551.1611339196.jpg,
