Large Gingerbread Man Cookie Cutter,Item #: 7945A,Home  /  Metal Cookie Cutters  /  Gingerbread Man  /  ...,No dim.,"NEW! The bigger, the better. Our 5"" Gingerbread Man Cookie Cutter is perfect for your oversized holiday cookies. This large Gingerbread Man is perfect for cookie decorating. This Cookie Cutter can be used to cut cookie dough, fondant, fruit, filled with treats or used in crafts.

Cookies decorated by A Dozen Eggs.",None,https://s3.amazonaws.com/cdn.annclarkcookiecutters.com/images/uploads/7945a-gingerbread-man-5in-cookie-cutter-ann-clark-lrg.jpg
Apple Tree Cookie Cutter,Item #: 7915A,Home  /  Seasonal  /  Fall  /  ...,No dim.,"NEW! The apple doesn't fall far from the tree with our 3 5/8"" Apple Tree cookie cutter! Perfect for spring blossoms and crisp fall days, as well as the dog days of summer. This lollipop tree shape makes terrific fruit trees or can be used as a volcano, flower bouquet, broccoli, cauliflower and more. You can't take a bite out of this cookie cutter, but you can take a bite out of any edible cookies you make with it!

""Enchanted Forest"" Cookies decorated by Teri Pringle Wood.",None,https://s3.amazonaws.com/cdn.annclarkcookiecutters.com/images/uploads/7915a-apple-tree-cutter-ann-clark-lrg.jpg
Candy Cookie Cutter,Item #: 7952A,Home  /  Holiday  /  Halloween  /  ...,No dim.,"Ann Clark's 3 5/8"" Candy Cookie Cutter celebrates all things sweet. Use this shape for Halloween, Christmas, or any time you want to add some sugary sweetness to a cookie platter.",None,https://s3.amazonaws.com/cdn.annclarkcookiecutters.com/images/uploads/7952a-candy-cookie-cutter-ann-clark-lrg.jpg
Orca Cookie Cutter,Item #: 7930A,Home  /  Metal Cookie Cutters  /  Animal  /  ...,No dim.,"NEW! Are you ready for a ""killer"" cookie cutter? The 5"" shape is ideal for marine life enthusiasts. You'll have a whale of a time making cookies and other crafts!",None,https://s3.amazonaws.com/cdn.annclarkcookiecutters.com/images/uploads/7930a-orca-cookie-cutter-ann-clark-lrg.jpg
Ballet Slipper Cookie Cutter,Item #: 7929A,Home  /  Metal Cookie Cutters  /  Sports  /  ...,No dim.,"NEW! Practice ""Swan Lake"" moves with our 4 1/2"" Ballet Slipper Cookie Cutter- perfect for current and aspiring ballerinas. Surprise your favorite ballet dancer after a recital, or make cookies just for fun. Pair it with the Tutu and Ballerina for ballet-themed cookies!",None,https://s3.amazonaws.com/cdn.annclarkcookiecutters.com/images/uploads/7929a-ballet-slipper-cookie-cutter-ann-clark-lrg.jpg
Mason Jar Cookie Cutter,Item #: 7735A,Home  /  Occasions & Celebrations  /  Wedding  /  ...,No dim.,"If you're stuck on what to use as a wedding or bridal shower favor, consider Ann Clark's Mason Jar Cookie Cutter- either use the cookie cutter itself, or have shaped cookies for your guests! This shape is also a fun gift for someone who is into canning, or who enjoys drinking out of mason jars.",None,https://s3.amazonaws.com/cdn.annclarkcookiecutters.com/images/uploads/7735a-mason-jar-cookie-cutter-ann-clark-lrg.jpg
Winter Snowflake Cookie Cutter,Item #: 7954A,Home  /  Seasonal  /  Winter  /  ...,No dim.,"NEW! Having a ""Frozen""-themed birthday party? Use Ann Clark's 4 1/4"" Winter Snowflake Cookie Cutter! This shape is perfect for the whole season, from baking to gifting. Made in the USA.",None,https://s3.amazonaws.com/cdn.annclarkcookiecutters.com/images/uploads/7954a-winter-snowflake-4-25in-cookie-cutter-ann-clark-lrg.jpg
Triangle Cookie Cutter,Item #: 7982A,Home  /  Shape  /  Shape & Symbol  /  ...,No dim.,"Pythagorean Theorem fans, rejoice! The 3 1/2"" Triangle Cookie Cutter is great for a child's birthday or for math teachers to use in the classroom. It could also be used for all sorts of craft projects.",None,https://s3.amazonaws.com/cdn.annclarkcookiecutters.com/images/uploads/7982a-triangle-cookie-cutter-ann-clark-lrg.jpg
Arrow Cookie Cutter,Item #: 7900A,Home  /  Holiday  /  Valentine's Day  /  ...,No dim.,"NEW! Let Ann Clark's 4 1/2"" Arrow Cookie Cutter point the way to terrific cookies. Make arrow shaped cookies and treats or use for crafts and decorating. Fun for Weddings, Valentines and just for fun. Fits right into any Boho Chic theme. Made in the USA.",None,https://s3.amazonaws.com/cdn.annclarkcookiecutters.com/images/uploads/766_1157_large.jpg
Jack-o-Lantern Cookie Cutter,Item #: 1070A,Home  /  Holiday  /  Halloween  /  ...,No dim.,"Embrace the spirit of Halloween by creating festive pumpkin cookies for a child's classroom-or bring them to work! Not just for baking cookies, this 4"" cookie cutter could also be used to cut out soft fruits or cheeses, or for craft projects.",None,https://s3.amazonaws.com/cdn.annclarkcookiecutters.com/images/uploads/1070a-jack-o-lantern-cookie-cutter-ann-clark-lrg.jpg
Canoe Cookie Cutter,Item #: 7867A,Home  /  Metal Cookie Cutters  /  Transportation  /  ...,No dim.,"The 4"""" Canoe Cookie Cutter will take you on all sorts of outdoor adventures. This is a cool shape to use at summer camp for cookies and crafts. No tipping!",None,https://s3.amazonaws.com/cdn.annclarkcookiecutters.com/images/uploads/777_1153_large.jpg
Lips Cookie Cutter,Item #: 7971A,Home  /  Holiday  /  Valentine's Day  /  ...,No dim.,"NEW! Who says cookie cutters can't be romantic? Surprise your love with some Lips Cookie Cutters this Valentine's Day- almost as sweet as a kiss! It measures 4 1/8"" and just might get you a smooch.",None,https://s3.amazonaws.com/cdn.annclarkcookiecutters.com/images/uploads/7971a-lips-cookie-cutter-ann-clark-lrg.jpg
Gingerbread Man Cookie Cutter,Item #: 7077A,Home  /  Metal Cookie Cutters  /  Gingerbread Man  /  ...,No dim.,"NEW! Add on to your Gingerbread family with the 4 1/2"" Gingerbread Man Cookie Cutter! Makes a cute Christmas gift, and an even cuter cookie. Lots of fun to decorate, too!

Cookies decorated by A Dozen Eggs.",None,https://s3.amazonaws.com/cdn.annclarkcookiecutters.com/images/uploads/7077a-gingerbread-man-4-5in-cookie-cutter-ann-clark-lrg.jpg
Heart Cookie Cutter,Item #: 7881A,Home  /  Holiday  /  Valentine's Day  /  ...,No dim.,"Make heart shaped cookies with our 3 5/8"" Heart Cookie Cutter. Celebrate love, Valentine's Day, weddings, and engagements with beautifully decorated cookies, fun fondant shapes, original craft projects or cookie cutter favors. Made in the USA.",None,https://s3.amazonaws.com/cdn.annclarkcookiecutters.com/images/uploads/7881a-heart-cookie-cutter-ann-clark-lrg.jpg
"Square 3"" Cookie Cutter",Item #: 7983A,Home  /  Shape  /  Shape & Symbol  /  ...,No dim.,"NEW! Frame it any way you like- the 3"" Square Cookie Cutter will come in handy! Use for baking, crafting, and any time you need an outline of a square for a project.",None,https://s3.amazonaws.com/cdn.annclarkcookiecutters.com/images/uploads/7983a-sqaure-3-inch-cookie-cutter-ann-clark-lrg.jpg
Puffy Snowflake Cookie Cutter,Item #: 7957A,Home  /  Seasonal  /  Winter  /  ...,No dim.,"NEW! Embrace winter with this 3 1/4"" Puffy Snowflake Cookie Cutter. Lots of fun to decorate, and useful throughout the entire season- not just the holidays! Bring on the snow and the baking fun.",None,https://s3.amazonaws.com/cdn.annclarkcookiecutters.com/images/uploads/7957a-puffy-snowflake-3-25in-cookie-cutter-ann-clark-lrg.jpg
Sea Turtle Cookie Cutter,Item #: 7904A,"Home  /  Animal  /  Insects, Amphibians & Reptiles  /  ...",No dim.,"NEW! This shape is bound to bring you out of your shell! The 4 1/8"" Sea Turtle Cookie Cutter goes well with any ocean-themed party platter.",None,https://s3.amazonaws.com/cdn.annclarkcookiecutters.com/images/uploads/7904a-sea-turtle-cutter-ann-clark-lrg.jpg
Purse Cookie Cutter,Item #: 7934A,Home  /  Metal Cookie Cutters  /  Dress Up  /  ...,No dim.,"NEW! Feel feminine with our 4"" Purse cookie cutter. This cookie cutter may not be able to hold onto your personal items, but it will be great for a ladies' night, bridal shower, or just because. Goes with the lipstick & platform shoe!

Cookies decorated by Flour Box Bakery",None,https://s3.amazonaws.com/cdn.annclarkcookiecutters.com/images/uploads/7934a-purse-cookie-cutter-ann-clark-lrg.jpg
Candy Cane Cookie Cutter,Item #: 7028A,Home  /  Holiday  /  Christmas Cookie Cutters  /  ...,No dim.,"Let your little Elves get to work with our 4 1/2"" Candy Cane Cookie Cutter. This classic Christmas Cookie shape is easy to cut out and decorate. Alternate uses for this cookie cutter include fondant cutter, holiday decorating and a variety of homemade Christmas gifts and crafts.

Cookies decorated by A Dozen Eggs.",None,https://s3.amazonaws.com/cdn.annclarkcookiecutters.com/images/uploads/7028a-candy-cane-cookie-cutter-ann-clark-lrg.jpg
Giraffe Cookie Cutter,Item #: 7991A,Home  /  Animal  /  Zoo  /  ...,No dim.,"NEW! We're really sticking our neck out for this one. The 4 3/4"" Giraffe Cookie Cutter is great for baby showers and birthday parties. Combine with other shapes, including the Hippo, Rhino, and Climbing Monkey, for a complete zoo theme!",None,https://s3.amazonaws.com/cdn.annclarkcookiecutters.com/images/uploads/7991a-giraffe-cookie-cutter-ann-clark-lrg.jpg
Cute Whale Cookie Cutter,Item #: 7913A,Home  /  Metal Cookie Cutters  /  Animal  /  ...,No dim.,"NEW! This is a whale of a cookie cutter! The adorable 3 7/8"" shape is ideal for a baby shower. Surprise the mom-to-be (and guests) with a platter of cookies, or give the cutter itself as a shower favor.

Cookies decorated by Clough'D 9 Cookies.",None,https://s3.amazonaws.com/cdn.annclarkcookiecutters.com/images/uploads/7913a-cute-whale-cutter-ann-clark-lrg.jpg
Heart Cookie Cutter,Item #: 7884A,Home  /  Holiday  /  Valentine's Day  /  ...,No dim.,"Make heart shaped cookies with our 2 5/8"" Heart Cookie Cutter. Celebrate love, Valentine's Day, weddings, and engagements with beautifully decorated cookies, fun fondant shapes, original craft projects or cookie cutter favors. Made in the USA.",None,https://s3.amazonaws.com/cdn.annclarkcookiecutters.com/images/uploads/7884a-heart-cookie-cutter-ann-clark-lrg.jpg
Bigfoot Cookie Cutter,Item #: 7925A,Home  /  Metal Cookie Cutters  /  Cool  /  ...,No dim.,"NEW! Do you believe in Sasquatch? If so, grab our 4 3/8"" Bigfoot Cookie Cutter and get huntin'! This fun-to-use shape is perfect for a gift, whether or not the recipient is a believer.

Cookies decorated by T.Cupp Cookies .",None,https://s3.amazonaws.com/cdn.annclarkcookiecutters.com/images/uploads/7925A-bigfoot-cookie-cutter-ann-clark-lrg.jpg
Chevron Arrow Cookie Cutter,Item #: 7916A,Home  /  Metal Cookie Cutters  /  Shape  /  ...,No dim.,"NEW! Add some flair to a cake, or make geometric cookies, with the 3 1/2"" Chevron Arrow cookie cutter. Use as an arrow or ""greater than"" symbol- perfect for a math-themed treat!",None,https://s3.amazonaws.com/cdn.annclarkcookiecutters.com/images/uploads/7916a-chevron-arrow-cutter-ann-clark-lrg.jpg
Robot Cookie Cutter,Item #: 7909A,Home  /  Metal Cookie Cutters  /  Kids  /  ...,No dim.,"NEW! This one's for all you FIRST Robotics competitors and spectators, and for anyone else who loves robots! This 3 3/4"" cookie cutter is ideal for birthday party or for everyday use. Mr. Roboto would approve!

Cookies decorated by LilaLoa - Georganne Bell.",None,https://s3.amazonaws.com/cdn.annclarkcookiecutters.com/images/uploads/7909a-robot-cutter-ann-clark-lrg.jpg
Pencil Cookie Cutter,Item #: 7937A,Home  /  Metal Cookie Cutters  /  School  /  ...,No dim.,"NEW! From back-to-school to end-of-year, the 4"" Pencil Cookie Cutter is a great tool to use for cookies and crafting! Use this shape at school, home, and anywhere else you want to create some ""sharp"" designs. Made in the USA.

Cookies decorated by Dulcia Bakery.",None,https://s3.amazonaws.com/cdn.annclarkcookiecutters.com/images/uploads/7937a-pencil-cookie-cutter-ann-clark-lrg.jpg
Icy Snowflake Cookie Cutter,Item #: 7955A,Home  /  Metal Cookie Cutters  /  Holiday  /  ...,No dim.,"NEW! It's ok to be ""flake""-y sometimes! The 4 1/2"" Icy Snowflake Cookie Cutter is the perfect shape to use all winter- and beyond- for crafting, baking, and decorating. Let it snow!

Cookies decorated by A Dozen Eggs.",None,https://s3.amazonaws.com/cdn.annclarkcookiecutters.com/images/uploads/7955a-icy-snowflake-4-5in-cookie-cutter-ann-clark-lrg.jpg
Slice of Bread Cookie Cutter,Item #: 7562A,Home  /  Metal Cookie Cutters  /  Food & Drink  /  ...,No dim.,"Toast lovers, rejoice! The 3 7/8"" Slice of Bread cookie cutter will make any morning more fun. Use this shape to remove crust, cut out soft foods (French toast, anyone?), create bread shaped cookies or make a cookie sandwich.",None,https://s3.amazonaws.com/cdn.annclarkcookiecutters.com/images/uploads/772_1149_large.jpg
Skull Cookie Cutter,Item #: 7932A,Home  /  Holiday  /  Halloween  /  ...,No dim.,"NEW! Add some flair to a Halloween or Dia de los Muertos (""Day of the Dead"") celebration with the 3 5/8"" Skull cookie cutter. Make your skulls pretty or spooky! Great for a school party- especially Spanish class.",None,https://s3.amazonaws.com/cdn.annclarkcookiecutters.com/images/uploads/7932a-skull-cookie-cutter-ann-clark-lrg.jpg
Baby Bib Cookie Cutter,Item #: 7912A,Home  /  Metal Cookie Cutters  /  Occasions & Celebrations  /  ...,No dim.,"NEW! You'll go ""gaga"" for this 3"" cookie cutter! The Baby Bib cookie cutter is perfect for a baby shower. Wish mom-to-be the best and give her some cookies or the cutter itself. Also makes a cute favor!",None,https://s3.amazonaws.com/cdn.annclarkcookiecutters.com/images/uploads/7912a-baby-bib-cutter-ann-clark-lrg.jpg
Gingerbread Man Cookie Cutter,Item #: 7946A,Home  /  Metal Cookie Cutters  /  Gingerbread Man  /  ...,No dim.,"NEW! The Gingerbread Man is one of our top selling Christmas cookie cutters for holiday cookies. This cutter is popular as a stocking stuffer, Secret Santa gift or to prepare Christmas desserts. The Gingerbread Man Cookie Cutter measures 3 3/4"" and can be used to cut cookie dough, fondant, fruit, filled with treats or used in crafts.

Cookies decorated by A Dozen Eggs.",None,https://s3.amazonaws.com/cdn.annclarkcookiecutters.com/images/uploads/7946a-gingerbread-man-375in-cookie-cutter-ann-clark-lrg.jpg
"Square 3 1/2"" Cookie Cutter",Item #: 7981A,Home  /  Shape  /  Shape & Symbol  /  ...,No dim.,"NEW! Don't be a square- get our 3 1/2"" Square Cookie Cutter. This shape could be used for just about any occasion when you need a square- the cookies could be made to look like a chalkboard, house, picture frame, etc. It could also be used as a teaching tool for geometry.",None,https://s3.amazonaws.com/cdn.annclarkcookiecutters.com/images/uploads/7981a-square-3-5-inch-cookie-cutter-ann-clark-lrg.jpg
Mermaid Tail Cookie Cutter,Item #: 7928A,Home  /  Regional  /  Nautical  /  ...,No dim.,"NEW! Flippin' your fins will get you to our 4 1/4"" Mermaid Tail Cookie Cutter. Add some flair to an ""under the sea""-themed party- especially if it's for a Little Mermaid fan! Seashells sold separately.

Cookies decorated by T.Cupp Cookies and Dulcia Bakery.",None,https://s3.amazonaws.com/cdn.annclarkcookiecutters.com/images/uploads/7928A-mermaid-tail-cookie-cutter-ann-clark-lrg.jpg
Platform Shoe Cookie Cutter,Item #: 7935A,Home  /  Metal Cookie Cutters  /  Dress Up  /  ...,No dim.,"NEW! Get dressed up with the 3 5/8"" Platform Shoe Cookie Cutter! You'll feel like dancing- or going somewhere special- with this elegant shape. Make cookies for ladies' night- or for a bachelorette party!

Cookies decorated by Flour Box Bakery",None,https://s3.amazonaws.com/cdn.annclarkcookiecutters.com/images/uploads/7935a-platform-shoe-cookie-cutter-ann-clark-lrg.jpg
Sweater Cookie Cutter - Traditional,Item #: 01-200,Home  /  Gift Collection  /  Winter Holiday Shapes  /  ...,No dim.,"NEW! Warm up for the holidays with the 4 1/8"" Ann Clark Sweater Cookie Cutter! Decorate for an ""ugly sweater"" party, or make it look like a sports jersey- or any other shirt! Made in the USA",None,https://s3.amazonaws.com/cdn.annclarkcookiecutters.com/images/uploads/01-200-ugly-sweater-t-cookie-cutter-ann-clark-lrg.jpg
"Square 2 1/2"" Cookie Cutter",Item #: 7984A,Home  /  Shape  /  Shape & Symbol  /  ...,No dim.,"NEW! One of our most versatile shapes, the 2 1/2"" Square Cookie Cutter is useful for cutting out cookies that look like picture frames, paper, gift tags, etc. Also great for using as a tool to trace, or to teach geometry.",None,https://s3.amazonaws.com/cdn.annclarkcookiecutters.com/images/uploads/7984a-square-2-5-inch-cookie-cutter-ann-clark-lrg.jpg
Mitten Cookie Cutter,Item #: 1964A,Home  /  Seasonal  /  Winter  /  ...,No dim.,"Fight off the chill by making cookies with Ann Clark's 4"" Mitten Cookie Cutter. Mitten cookies are fun to decorate when it's too cold to go outside!

Cookies decorated by A Dozen Eggs.",None,https://s3.amazonaws.com/cdn.annclarkcookiecutters.com/images/uploads/1964a-mitten-cookie-cutter-ann-clark-lrg.jpg
Christmas Finial Ornament Cookie Cutter,Item #: 7959A,Home  /  Metal Cookie Cutters  /  Christmas Cookie Cutters  /  ...,No dim.,"NEW! Trim the tree or cut out cookies with the 4 1/4"" Christmas Finial Ornament cookie cutter. This fancy, elegant shape could be used as an actual ornament on your tree. Also makes a great gift for a decor-loving friend!

Cookies decorated by A Dozen Eggs and Lorraine Russo Harty.",None,https://s3.amazonaws.com/cdn.annclarkcookiecutters.com/images/uploads/7959a-christmas-finial-ornament-cookie-cutter-ann-clark-lrg.jpg
Large Number 1 Cookie Cutter,Item #: 7940A,Home  /  Metal Cookie Cutters  /  Number  /  ...,No dim.,"Make anyone feel like #1 with the 4 3/8"" Number 1 Cookie Cutter! This shape is great for sports celebrations (especially if you lack an oversize foam finger), a first birthday, graduation, or other life milestone. Made in the USA.",None,https://s3.amazonaws.com/cdn.annclarkcookiecutters.com/images/uploads/7940a-number-1-cookie-cutter-ann-clark-lrg.jpg
Lipstick Cookie Cutter,Item #: 7972A,Home  /  Metal Cookie Cutters  /  Dress Up  /  ...,No dim.,"NEW! Pucker up! Our 3 7/8"" Lipstick Cookie Cutter could cut some lip-smackin' good cookies. Impress your friends at the next ladies' night or slumber party!

Cookies decorated by Ann Yorks, Flour Box Bakery.",None,https://s3.amazonaws.com/cdn.annclarkcookiecutters.com/images/uploads/7972a-lipstick-cookie-cutter-ann-clark-lrg.jpg
Donald Trump Cookie Cutter,Item #: 7938A,Home  /  Metal Cookie Cutters  /  Political  /  ...,No dim.,"What better way to talk politics than by introducing delicious cookies? The 4 1/4"" Donald Trump Cookie Cutter is bound to be entertaining for both sides of the aisle. This shape is perfect for Conservative folks to use for campaign rallies, political parties, and any other event you have planned for election season.

Cookies decorated by LilaLoa.",None,https://s3.amazonaws.com/cdn.annclarkcookiecutters.com/images/uploads/7938a-donald-trump-cookie-cutter-ann-clark-lrg.jpg
Cloud Cookie Cutter,Item #: 7921A,Home  /  Seasonal  /  Spring  /  ...,No dim.,"NEW! Unlike real clouds, you can actually touch this one! This is the perfect shape for a ""Cloudy with a Chance of Meatballs"" fan, or to teach kids about the weather. You'll be on Cloud 9!

Cookies decorated by Lila Loa.",None,https://s3.amazonaws.com/cdn.annclarkcookiecutters.com/images/uploads/7921a-cloud-cutter-ann-clark-lrg.jpg
Letter K Cookie Cutter,Item #: 8007A,Home  /  Metal Cookie Cutters  /  Alphabet  /  ...,No dim.,"Spell out a sports team, someone's name, or use as a monogram. Use the Letter K Cookie Cutter, 3 1/4,"" for all sorts of occasions. Who could resist alphabet cookies?",None,https://s3.amazonaws.com/cdn.annclarkcookiecutters.com/images/uploads/8007a-letter-k-cookie-cutter-ann-clark-lrg.jpg
Fluted Circle Cookie Cutter,Item #: 7556A,Home  /  Shape  /  Shape & Symbol  /  ...,No dim.,"NEW! The possibilities are limitless with this 3 7/8"" Fluted Circle cookie cutter! This shape could be used as a ""picture frame"" or plaque- decorate with a couple's initials for a wedding, or turn it into a portrait for the birthday boy or girl. Sprinkle some powdered sugar on Fluted Circle-shaped cookies for a sweet, elegant treat!",None,https://s3.amazonaws.com/cdn.annclarkcookiecutters.com/images/uploads/7556a-fluted-circle-cutter-ann-clark-lrg.jpg
Jewel Cookie Cutter,Item #: 7922A,Home  /  Shape  /  Shape & Symbol  /  ...,No dim.,"NEW! Add some extra sparkle to your life with the 3 1/2"" Jewel cookie cutter! Fans of precious stones will be delighted with this shape. While it may not work as an actual piece of jewelry, it will still be fun to use for baking and crafting.

Cookies decorated by Lorraine's Cookies and Dulcia Bakery.",None,https://s3.amazonaws.com/cdn.annclarkcookiecutters.com/images/uploads/7922a-jewel-cutter-ann-clark-lrg.jpg
Christmas Snowflake Cookie Cutter,Item #: 7956A,Home  /  Metal Cookie Cutters  /  Holiday  /  ...,No dim.,"NEW! Be ""cool"" this Christmas with the 4"" Christmas Snowflake Cookie Cutter. This versatile shape will enhance any occasion, through the holidays and beyond. What better way to celebrate a snowy day than to bake snowflake cookies!

Cookies decorated by A Dozen Eggs.",None,https://s3.amazonaws.com/cdn.annclarkcookiecutters.com/images/uploads/7956a-christmas-snowflake-4in-cookie-cutter-ann-clark-lrg.jpg
Cow Cookie Cutter,Item #: 7908A,Home  /  Animal  /  Farm Animal  /  ...,No dim.,"Moo! Have some barnyard fun with our Cow Cookie Cutter, 4"". Teach kids about farm animals, and serve the cookies with milk. A fun shape for all ages.",None,https://s3.amazonaws.com/cdn.annclarkcookiecutters.com/images/uploads/7908a-cow-cutter-ann-clark-lrg.jpg
Science Beaker Cookie Cutter,Item #: 7911A,Home  /  Holiday  /  Halloween  /  ...,No dim.,"NEW! Stir up some scientific excitement with the 4"" Science Beaker cookie cutter! This shape is an excellent gift for your favorite nerd (and we do mean ""nerd"" in a good way). It's also a fun tool to teach chemistry concepts. Don't forget to wear goggles!

You can also use this fun shape to create the perfect Halloween potion or Valentine's Day love potion.

Cookies decorated by Clough'D 9 Cookies and Dulcia Bakery.",None,https://s3.amazonaws.com/cdn.annclarkcookiecutters.com/images/uploads/7911a-science-flask-cutter-ann-clark-lrg.jpg
Liberty Bell Cookie Cutter,Item #: 7918A,Home  /  Occasions & Celebrations  /  Patriotic  /  ...,No dim.,"NEW! Sound the bell for Independence Day! This 4"" cutter will fit in perfectly with a 4th of July celebration. Use it to cut soft foods like fruit and cheese for an extra-special party platter.

Cookies decorated by Dulcia Bakery.",None,https://s3.amazonaws.com/cdn.annclarkcookiecutters.com/images/uploads/7918a-liberty-bell-cutter-ann-clark-lrg.jpg
Holy Cross Cookie Cutter,Item #: 7953A,"Home  /  Occasions & Celebrations  /  Baptism, Christening & Confirmation  /  ...",No dim.,"NEW! Make a church gathering yummier with Cross cookies! The 4 1/8"" Cross Cookie Cutter is a lovely, easily-decorated shape to use for all sorts of Christian celebrations, especially Christmas and Easter.

Cookies decorated by A Dozen Eggs.",None,https://s3.amazonaws.com/cdn.annclarkcookiecutters.com/images/uploads/7953a-cross-cookie-cutter-ann-clark-lrg.jpg
Gingerbread Man Cookie Cutter,Item #: 7947A,Home  /  Metal Cookie Cutters  /  Gingerbread Man  /  ...,No dim.,"NEW! Everyone loves the Gingerbread Man Cookie Cutter. A Christmas Cookie classic, this cutter is popular for making gingerbread cookies, used as a stocking stuffer or given as a Secret Santa gift. The Gingerbread Man Cookie Cutter measures 2 7/8"" and can be used to cut fondant, cookie dough, fruit, sandwiches, filled with treats or used in crafts.

Cookies decorated by A Dozen Eggs.",None,https://s3.amazonaws.com/cdn.annclarkcookiecutters.com/images/uploads/7947a-gingerbread-man-2875in-cookie-cutter-ann-clark-lrg.jpg
Rainbow Cookie Cutter,Item #: 7896A,Home  /  Holiday  /  St. Patrick's Day   /  ...,No dim.,"Will there be gold at the end of the rainbow? Can't hurt to look! Enhance a St. Patrick's Day party with a platter of cut out (and decorated!) rainbow cookies. When the cutter isn't being used for cookie dough, it could also be used for crafting and cutting soft fruits or cheese.",None,https://s3.amazonaws.com/cdn.annclarkcookiecutters.com/images/uploads/7896a-rainbow-cookie-cutter-ann-clark-lrg.jpg
Unicorn Head Cookie Cutter,Item #: 7899A,Home  /  Kids  /  Girls  /  ...,No dim.,"NEW! Make any occasion more magical with the 4"" Unicorn Head Cookie Cutter! This mythical shape is sure to delight kids of all ages. Use it to cut out cookies or anything else soft, like Play Doh.

Cookies decorated by Haniela's.",None,https://s3.amazonaws.com/cdn.annclarkcookiecutters.com/images/uploads/7899a-unicorn-head-cutter-ann-clark-lrg.jpg
Heart Cookie Cutter,Item #: 7882A,Home  /  Holiday  /  Valentine's Day  /  ...,No dim.,"Make heart shaped cookies with our 4"" Heart Cookie Cutter. Celebrate love, Valentine's Day, weddings, and engagements with beautifully decorated cookies, fun fondant shapes, original craft projects or cookie cutter favors. Made in the USA.",None,https://s3.amazonaws.com/cdn.annclarkcookiecutters.com/images/uploads/7882a-heart-cookie-cutter-ann-clark-lrg.jpg
Speech Bubble Cookie Cutter,Item #: 7917A,Home  /  Metal Cookie Cutters  /  Trendy  /  ...,No dim.,"NEW! Splat! Kazam! Boom! Pow! The 3"" Speech Bubble Cookie Cutter is lots of fun to use for sound- and superhero-related cookies, as well as for quotes, graphic novel themes, and people's names (especially kids!)",None,https://s3.amazonaws.com/cdn.annclarkcookiecutters.com/images/uploads/7917a-speech-bubble-cutter-ann-clark-lrg.jpg
"Mason Jar Cookie Cutter, Small",Item #: 7885A,Home  /  Occasions & Celebrations  /  Wedding  /  ...,No dim.,"The Small 3 1/2"" Mason Jar Cookie Cutter is a fun, trendy shape to use for a bridal shower or as a wedding favor- giveaway the cookie cutter, Mason Jar shaped cookies, or both! This shape will also be a cool gift for someone who enjoys canning. Also comes in a larger size (4 3/8"")- item #7735A.",None,https://s3.amazonaws.com/cdn.annclarkcookiecutters.com/images/uploads/7885a-mason-jar-small-cookie-cutter-ann-clark-lrg.jpg
Capitol Building Cookie Cutter,Item #: 7931A,Home  /  Metal Cookie Cutters  /  Political  /  ...,No dim.,"NEW! Get ready for an election- or learn about the nation's capital- with the 4"" Capitol Building Cookie Cutter. Ideal for social studies class, campaign event, etc. Rock the vote!",None,https://s3.amazonaws.com/cdn.annclarkcookiecutters.com/images/uploads/7931a-capitol-building-cookie-cutter-ann-clark-lrg.jpg
Christmas Tree Cookie Cutter,Item #: 7079A,Home  /  Holiday  /  Christmas Cookie Cutters  /  ...,No dim.,"How lovely are thy branches on our 4"" Christmas Tree Cookie Cutter! Whether you're caroling with loved ones or enjoying a quiet night at home, bring out this shape to feel the warmth of the season. Works well as a Secret Santa gift and for cutting cookies for school parties (among many other uses!)",None,https://s3.amazonaws.com/cdn.annclarkcookiecutters.com/images/uploads/7079a-christmas-tree-cookie-cutter-ann-clark-lrg.jpg
Electric Guitar Cookie Cutter,Item #: 8002A,Home  /  Metal Cookie Cutters  /  Music  /  ...,No dim.,"NEW! Jam out with your air guitar, or use our Electric Guitar Cookie Cutter, 5 1/8"". You'll feel like a rock musician with this cool shape. Tie it to a gift and give to your guitar-playing friend, or use it as an ornament.",None,https://s3.amazonaws.com/cdn.annclarkcookiecutters.com/images/uploads/8002a-electric-guitar-cookie-cutter-ann-clark-lrg.jpg
Heart Cookie Cutter,Item #: 7880A,Home  /  Holiday  /  Valentine's Day  /  ...,No dim.,"Make heart shaped cookies with our Heart Cookie Cutter. Celebrate love, Valentine's Day, weddings, and engagements with beautifully decorated cookies, fun fondant shapes, original craft projects or cookie cutter favors. Made in the USA.

Cookies decorated by LilaLoa.",None,https://s3.amazonaws.com/cdn.annclarkcookiecutters.com/images/uploads/7880a-heart-cookie-cutter-ann-clark-lrg.jpg
Feather Cookie Cutter,Item #: 7902A,Home  /  Metal Cookie Cutters  /  Dress Up  /  ...,No dim.,"NEW! Shake your tail feather with the 4 1/2"" Feather cookie cutter! This Boho Chic shape is great for any activity that pertains to birds, feathered creatures or bohemian style. Use it for crafts, cutting soft foods, or even as a wedding or bridal shower favor.

Cookies decorated by Flour Box Bakery and Miss Biscuit.",None,https://s3.amazonaws.com/cdn.annclarkcookiecutters.com/images/uploads/7902a-feather--cutter-ann-clark-lrg.jpg
