CVLS1005-1111,"  Home > Canvas Gallery Wraps >

  A good friend knows all your stories.",http://cdn3.volusion.com/eswdu.wjknr/v/vspfiles/templates/delectable/images/nophoto.gif
CVLS1007-1111,"  Home > Canvas Gallery Wraps >

  Be better than you were yesterday.",http://cdn3.volusion.com/eswdu.wjknr/v/vspfiles/templates/delectable/images/nophoto.gif
CVLS1006-1111,"  Home > Canvas Gallery Wraps >

  Be the kind of woman",http://cdn3.volusion.com/eswdu.wjknr/v/vspfiles/templates/delectable/images/nophoto.gif
CVLS1014-1111,"  Home > Canvas Gallery Wraps >

  Coffee is always a good idea.",http://cdn3.volusion.com/eswdu.wjknr/v/vspfiles/templates/delectable/images/nophoto.gif
RE1210N,"  Home > Inspiration >

  Dearly Beloved - Prince",http://cdn3.volusion.com/eswdu.wjknr/v/vspfiles/photos/RE1210n-2T.jpg
PA1056,"  Home > January 2016 >

  Every day I love you a little bit more.",http://cdn3.volusion.com/eswdu.wjknr/v/vspfiles/templates/delectable/images/nophoto.gif
PA1057,"  Home > January 2016 >

  Find Joy in the Adventure.",http://cdn3.volusion.com/eswdu.wjknr/v/vspfiles/templates/delectable/images/nophoto.gif
CVLS1002-1111,"  Home > Canvas Gallery Wraps >

  Get through Life without a Sister",http://cdn3.volusion.com/eswdu.wjknr/v/vspfiles/templates/delectable/images/nophoto.gif
WP5226,"  Home > New 2016 >

  Home of Loyal Celtics Fan",http://cdn3.volusion.com/eswdu.wjknr/v/vspfiles/photos/WP5226-2T.jpg?1453708296
WP5223,"  Home > New 2016 >

  Home of a Loyal Cornhuskers Fan",http://cdn3.volusion.com/eswdu.wjknr/v/vspfiles/photos/WP5223-2T.jpg?1453708296
WP5224,"  Home > New 2016 >

  Home of a Loyal Cougars Fan",http://cdn3.volusion.com/eswdu.wjknr/v/vspfiles/photos/WP5224-2T.jpg?1453708296
WP5222,"  Home > New 2016 >

  Home of a Loyal Hawkeyes Fan",http://cdn3.volusion.com/eswdu.wjknr/v/vspfiles/photos/WP5222-2T.jpg?1453708296
WP5225,"  Home > New 2016 >

  Home of a Loyal Huskies Fan",http://cdn3.volusion.com/eswdu.wjknr/v/vspfiles/photos/WP5225-2T.jpg?1453708296
VINPRE-BOX,"  Home >

  Hot Flashes Free Display Box ONLY",http://cdn3.volusion.com/eswdu.wjknr/v/vspfiles/templates/delectable/images/nophoto.gif?1453708296
CVLS1012-1111,"  Home > Canvas Gallery Wraps >

  I am a Beautiful Mess",http://cdn3.volusion.com/eswdu.wjknr/v/vspfiles/templates/delectable/images/nophoto.gif
CVLS1011-1111,"  Home > Canvas Gallery Wraps >

  It's the Little things",http://cdn3.volusion.com/eswdu.wjknr/v/vspfiles/templates/delectable/images/nophoto.gif
JSPRE-BOX,"  Home >

  Just Sayin Free Display Box ONLY",http://cdn3.volusion.com/eswdu.wjknr/v/vspfiles/templates/delectable/images/nophoto.gif?1453708296
CVLS1001-1111,"  Home > Canvas Gallery Wraps >

  Life is Better with Friends.",http://cdn3.volusion.com/eswdu.wjknr/v/vspfiles/templates/delectable/images/nophoto.gif
CVLS1010-1111,"  Home > Canvas Gallery Wraps >

  Live Simply. Dream Big.",http://cdn3.volusion.com/eswdu.wjknr/v/vspfiles/templates/delectable/images/nophoto.gif
WP5217,"  Home > New 2016 >

  Make some waves.",http://cdn3.volusion.com/eswdu.wjknr/v/vspfiles/photos/WP5217-2T.jpg?1453708296
CVLS1009-1111,"  Home > Canvas Gallery Wraps >

  Minnesota Land of 10,000 stories.",http://cdn3.volusion.com/eswdu.wjknr/v/vspfiles/templates/delectable/images/nophoto.gif
CVLS1004-1111,"  Home > Canvas Gallery Wraps >

  So very thankful for you friend.",http://cdn3.volusion.com/eswdu.wjknr/v/vspfiles/templates/delectable/images/nophoto.gif
PA1055,"  Home > January 2016 >

  These are a few of my favorite things.",http://cdn3.volusion.com/eswdu.wjknr/v/vspfiles/templates/delectable/images/nophoto.gif
CVLS1003-1111,"  Home > Canvas Gallery Wraps >

  Together is my favorite place to be.",http://cdn3.volusion.com/eswdu.wjknr/v/vspfiles/templates/delectable/images/nophoto.gif
CVLS1013-1111,"  Home > Canvas Gallery Wraps >

  Trust the Journey",http://cdn3.volusion.com/eswdu.wjknr/v/vspfiles/templates/delectable/images/nophoto.gif
WCPRE-BOX,"  Home > New 2016 >

  Wild Child 4x6 Prepack of 24 BLACK BOX w/DISPLAY",http://cdn3.volusion.com/eswdu.wjknr/v/vspfiles/templates/delectable/images/nophoto.gif?1453708296
CVLS1008-1111,"  Home > Canvas Gallery Wraps >

  Your journey is a story.",http://cdn3.volusion.com/eswdu.wjknr/v/vspfiles/templates/delectable/images/nophoto.gif
