WE BELIEVE IN THE EASTER BUNNY FRAMED SIGN,221-30418,,,,,,,8 x 6,,1,99,,,,,1,Blossom400,Blossom160,https://s3.amazonaws.com/emuncloud-staticassets/productImages/bb112/large/221-30418.jpg?1.0.81.14177-aca54d382+master+blossombucket+umbraco+prod+cms=no-cache&m=undefined&=im2021-06-29T09:08:33.6900000Z,221-30418.jpg?1.0.81.14177-aca54d382+master+blossombucket+umbraco+prod+cms=no-cache&m=undefined&=im2021-06-29T09:08:33.6900000Z,,,Blossom800,221-30418.jpg?1.0.81.14177-aca54d382+master+blossombucket+umbraco+prod+cms=no-cache&m=undefined&=im2021-06-29T09:08:33.6900000Z
DECORATIVE FLOOR MAT - JB56 - HAPPY HALLOWEEN *DSC*,199-MATJB56,,,,,,,x,,1,99,,,,,1,Blossom400,Blossom160,https://s3.amazonaws.com/emuncloud-staticassets/productImages/bb112/large/199-MATJB56.jpg?1.0.81.14177-aca54d382+master+blossombucket+umbraco+prod+cms=no-cache&m=undefined&=im1,199-MATJB56.jpg?1.0.81.14177-aca54d382+master+blossombucket+umbraco+prod+cms=no-cache&m=undefined&=im1,,,Blossom800,199-MATJB56.jpg?1.0.81.14177-aca54d382+master+blossombucket+umbraco+prod+cms=no-cache&m=undefined&=im1
SOME BUNNY LOVES ME FRAMED SIGN,221-30414,,,,,,,8 x 6,,1,99,,,,,1,Blossom400,Blossom160,https://s3.amazonaws.com/emuncloud-staticassets/productImages/bb112/large/221-30414.jpg?1.0.81.14177-aca54d382+master+blossombucket+umbraco+prod+cms=no-cache&m=undefined&=im2021-06-29T09:08:28.6170000Z,221-30414.jpg?1.0.81.14177-aca54d382+master+blossombucket+umbraco+prod+cms=no-cache&m=undefined&=im2021-06-29T09:08:28.6170000Z,,,Blossom800,221-30414.jpg?1.0.81.14177-aca54d382+master+blossombucket+umbraco+prod+cms=no-cache&m=undefined&=im2021-06-29T09:08:28.6170000Z
DECORATIVE FLOOR MAT - HOME SWEET HOME FOR THE HOLIDAYS - COD382 *DSC*,199-MATCOD382,,,,,,,x,,1,99,,,,,1,Blossom400,Blossom160,https://s3.amazonaws.com/emuncloud-staticassets/productImages/bb112/large/199-MATCOD382.jpg?1.0.81.14177-aca54d382+master+blossombucket+umbraco+prod+cms=no-cache&m=undefined&=im1,199-MATCOD382.jpg?1.0.81.14177-aca54d382+master+blossombucket+umbraco+prod+cms=no-cache&m=undefined&=im1,,,Blossom800,199-MATCOD382.jpg?1.0.81.14177-aca54d382+master+blossombucket+umbraco+prod+cms=no-cache&m=undefined&=im1
DECORATIVE FLOOR MAT - HOME (ORNAMENT) - COD381 *DSC*,199-MATCOD381,,,,,,,x,,1,99,,,,,1,Blossom400,Blossom160,https://s3.amazonaws.com/emuncloud-staticassets/productImages/bb112/large/199-MATCOD381.jpg?1.0.81.14177-aca54d382+master+blossombucket+umbraco+prod+cms=no-cache&m=undefined&=im1,199-MATCOD381.jpg?1.0.81.14177-aca54d382+master+blossombucket+umbraco+prod+cms=no-cache&m=undefined&=im1,,,Blossom800,199-MATCOD381.jpg?1.0.81.14177-aca54d382+master+blossombucket+umbraco+prod+cms=no-cache&m=undefined&=im1
SO THANKFUL FOR MY SISTER ANGEL,221-13345,,,,,,,5 x 2,,1,99,,,,,1,Blossom400,Blossom160,https://s3.amazonaws.com/emuncloud-staticassets/productImages/bb112/large/221-13345.jpg?1.0.81.14177-aca54d382+master+blossombucket+umbraco+prod+cms=no-cache&m=undefined&=im2021-06-29T09:06:41.3200000Z,221-13345.jpg?1.0.81.14177-aca54d382+master+blossombucket+umbraco+prod+cms=no-cache&m=undefined&=im2021-06-29T09:06:41.3200000Z,,,Blossom800,221-13345.jpg?1.0.81.14177-aca54d382+master+blossombucket+umbraco+prod+cms=no-cache&m=undefined&=im2021-06-29T09:06:41.3200000Z
YOU ARE MY ANGEL NANA ANGEL,221-13346,,,,,,,5 x 2,,1,99,,,,,1,Blossom400,Blossom160,https://s3.amazonaws.com/emuncloud-staticassets/productImages/bb112/large/221-13346.jpg?1.0.81.14177-aca54d382+master+blossombucket+umbraco+prod+cms=no-cache&m=undefined&=im2021-06-29T09:06:42.5500000Z,221-13346.jpg?1.0.81.14177-aca54d382+master+blossombucket+umbraco+prod+cms=no-cache&m=undefined&=im2021-06-29T09:06:42.5500000Z,,,Blossom800,221-13346.jpg?1.0.81.14177-aca54d382+master+blossombucket+umbraco+prod+cms=no-cache&m=undefined&=im2021-06-29T09:06:42.5500000Z
YOU MAKE MY HEART HAPPY DAUGHTER ANGEL,221-13347,,,,,,,5 x 2,,1,99,,,,,1,Blossom400,Blossom160,https://s3.amazonaws.com/emuncloud-staticassets/productImages/bb112/large/221-13347.jpg?1.0.81.14177-aca54d382+master+blossombucket+umbraco+prod+cms=no-cache&m=undefined&=im2021-06-29T09:06:43.7970000Z,221-13347.jpg?1.0.81.14177-aca54d382+master+blossombucket+umbraco+prod+cms=no-cache&m=undefined&=im2021-06-29T09:06:43.7970000Z,,,Blossom800,221-13347.jpg?1.0.81.14177-aca54d382+master+blossombucket+umbraco+prod+cms=no-cache&m=undefined&=im2021-06-29T09:06:43.7970000Z
HER LOVE GOT ME THROUGH MOM ANGEL,221-13348,,,,,,,5 x 2,,1,99,,,,,1,Blossom400,Blossom160,https://s3.amazonaws.com/emuncloud-staticassets/productImages/bb112/large/221-13348.jpg?1.0.81.14177-aca54d382+master+blossombucket+umbraco+prod+cms=no-cache&m=undefined&=im2021-06-29T09:06:45.0470000Z,221-13348.jpg?1.0.81.14177-aca54d382+master+blossombucket+umbraco+prod+cms=no-cache&m=undefined&=im2021-06-29T09:06:45.0470000Z,,,Blossom800,221-13348.jpg?1.0.81.14177-aca54d382+master+blossombucket+umbraco+prod+cms=no-cache&m=undefined&=im2021-06-29T09:06:45.0470000Z
GRATEFUL FOR OUR SPECIAL BOND GRANDMA ANGEL,221-13349,,,,,,,5 x 2,,1,99,,,,,1,Blossom400,Blossom160,https://s3.amazonaws.com/emuncloud-staticassets/productImages/bb112/large/221-13349.jpg?1.0.81.14177-aca54d382+master+blossombucket+umbraco+prod+cms=no-cache&m=undefined&=im2021-06-29T09:06:46.3630000Z,221-13349.jpg?1.0.81.14177-aca54d382+master+blossombucket+umbraco+prod+cms=no-cache&m=undefined&=im2021-06-29T09:06:46.3630000Z,,,Blossom800,221-13349.jpg?1.0.81.14177-aca54d382+master+blossombucket+umbraco+prod+cms=no-cache&m=undefined&=im2021-06-29T09:06:46.3630000Z
EVERYONE BRINGS JOY FRAMED SIGN,221-30398,,,,,,,9.5 x 8,,1,99,,,,,1,Blossom400,Blossom160,https://s3.amazonaws.com/emuncloud-staticassets/productImages/bb112/large/221-30398.jpg?1.0.81.14177-aca54d382+master+blossombucket+umbraco+prod+cms=no-cache&m=undefined&=im2021-06-29T09:08:23.7130000Z,221-30398.jpg?1.0.81.14177-aca54d382+master+blossombucket+umbraco+prod+cms=no-cache&m=undefined&=im2021-06-29T09:08:23.7130000Z,,,Blossom800,221-30398.jpg?1.0.81.14177-aca54d382+master+blossombucket+umbraco+prod+cms=no-cache&m=undefined&=im2021-06-29T09:08:23.7130000Z
WE'RE ALL IN THIS TOGETHER FRAMED SIGN,221-30395,,,,,,,9.5 x 8,,1,99,,,,,1,Blossom400,Blossom160,https://s3.amazonaws.com/emuncloud-staticassets/productImages/bb112/large/221-30395.jpg?1.0.81.14177-aca54d382+master+blossombucket+umbraco+prod+cms=no-cache&m=undefined&=im2021-06-29T09:08:15.9230000Z,221-30395.jpg?1.0.81.14177-aca54d382+master+blossombucket+umbraco+prod+cms=no-cache&m=undefined&=im2021-06-29T09:08:15.9230000Z,,,Blossom800,221-30395.jpg?1.0.81.14177-aca54d382+master+blossombucket+umbraco+prod+cms=no-cache&m=undefined&=im2021-06-29T09:08:15.9230000Z
FAMILY BELOVED AND BLESSED FRAMED SIGN,221-30396,,,,,,,9.5 x 8,,1,99,,,,,1,Blossom400,Blossom160,https://s3.amazonaws.com/emuncloud-staticassets/productImages/bb112/large/221-30396.jpg?1.0.81.14177-aca54d382+master+blossombucket+umbraco+prod+cms=no-cache&m=undefined&=im2021-06-29T09:08:18.3170000Z,221-30396.jpg?1.0.81.14177-aca54d382+master+blossombucket+umbraco+prod+cms=no-cache&m=undefined&=im2021-06-29T09:08:18.3170000Z,,,Blossom800,221-30396.jpg?1.0.81.14177-aca54d382+master+blossombucket+umbraco+prod+cms=no-cache&m=undefined&=im2021-06-29T09:08:18.3170000Z
IN THIS HOME WE CHOOSE HAPPY FRAMED SIGN,221-30397,,,,,,,9.5 x 8,,1,99,,,,,1,Blossom400,Blossom160,https://s3.amazonaws.com/emuncloud-staticassets/productImages/bb112/large/221-30397.jpg?1.0.81.14177-aca54d382+master+blossombucket+umbraco+prod+cms=no-cache&m=undefined&=im2021-06-29T09:08:20.9600000Z,221-30397.jpg?1.0.81.14177-aca54d382+master+blossombucket+umbraco+prod+cms=no-cache&m=undefined&=im2021-06-29T09:08:20.9600000Z,,,Blossom800,221-30397.jpg?1.0.81.14177-aca54d382+master+blossombucket+umbraco+prod+cms=no-cache&m=undefined&=im2021-06-29T09:08:20.9600000Z
Joy Angel With Star,2166-13275,,,,,,,7.25 x 3.5,,1,99,,,,,1,Blossom400,Blossom160,https://s3.amazonaws.com/emuncloud-staticassets/productImages/bb112/large/2166-13275.jpg?1.0.81.14177-aca54d382+master+blossombucket+umbraco+prod+cms=no-cache&m=undefined&=im2021-01-27T07:30:36.9800000Z,2166-13275.jpg?1.0.81.14177-aca54d382+master+blossombucket+umbraco+prod+cms=no-cache&m=undefined&=im2021-01-27T07:30:36.9800000Z,,,Blossom800,2166-13275.jpg?1.0.81.14177-aca54d382+master+blossombucket+umbraco+prod+cms=no-cache&m=undefined&=im2021-01-27T07:30:36.9800000Z
Little Lord Jesus Asleep In the Hay Framed Sign,218-30160,,,,,,,9.5 x 8.5,,1,99,,,,,1,Blossom400,Blossom160,https://s3.amazonaws.com/emuncloud-staticassets/productImages/bb112/large/218-30160.jpg?1.0.81.14177-aca54d382+master+blossombucket+umbraco+prod+cms=no-cache&m=undefined&=im2021-01-27T07:32:43.8870000Z,218-30160.jpg?1.0.81.14177-aca54d382+master+blossombucket+umbraco+prod+cms=no-cache&m=undefined&=im2021-01-27T07:32:43.8870000Z,,,Blossom800,218-30160.jpg?1.0.81.14177-aca54d382+master+blossombucket+umbraco+prod+cms=no-cache&m=undefined&=im2021-01-27T07:32:43.8870000Z
GOD'S PLANS ANGEL,221-13230,,,,,,,5.5 x 3,,1,99,,,,,1,Blossom400,Blossom160,https://s3.amazonaws.com/emuncloud-staticassets/productImages/bb112/large/221-13230.jpg?1.0.81.14177-aca54d382+master+blossombucket+umbraco+prod+cms=no-cache&m=undefined&=im2021-06-29T09:06:38.7130000Z,221-13230.jpg?1.0.81.14177-aca54d382+master+blossombucket+umbraco+prod+cms=no-cache&m=undefined&=im2021-06-29T09:06:38.7130000Z,,,Blossom800,221-13230.jpg?1.0.81.14177-aca54d382+master+blossombucket+umbraco+prod+cms=no-cache&m=undefined&=im2021-06-29T09:06:38.7130000Z
KEEP GOING ANGEL,221-13231,,,,,,,5.5 x 3,,1,99,,,,,1,Blossom400,Blossom160,https://s3.amazonaws.com/emuncloud-staticassets/productImages/bb112/large/221-13231.jpg?1.0.81.14177-aca54d382+master+blossombucket+umbraco+prod+cms=no-cache&m=undefined&=im2021-06-29T09:06:39.9870000Z,221-13231.jpg?1.0.81.14177-aca54d382+master+blossombucket+umbraco+prod+cms=no-cache&m=undefined&=im2021-06-29T09:06:39.9870000Z,,,Blossom800,221-13231.jpg?1.0.81.14177-aca54d382+master+blossombucket+umbraco+prod+cms=no-cache&m=undefined&=im2021-06-29T09:06:39.9870000Z
WHITE NO PETAL FLOWER IN BURLAP BAG,221-70257,,,,,,,6 x 3.25,,1,99,,,,,1,Blossom400,Blossom160,https://s3.amazonaws.com/emuncloud-staticassets/productImages/bb112/large/221-70257.jpg?1.0.81.14177-aca54d382+master+blossombucket+umbraco+prod+cms=no-cache&m=undefined&=im2021-06-29T09:08:41.6670000Z,221-70257.jpg?1.0.81.14177-aca54d382+master+blossombucket+umbraco+prod+cms=no-cache&m=undefined&=im2021-06-29T09:08:41.6670000Z,,,Blossom800,221-70257.jpg?1.0.81.14177-aca54d382+master+blossombucket+umbraco+prod+cms=no-cache&m=undefined&=im2021-06-29T09:08:41.6670000Z
1 INCH PURPLE FLOWERS IN A SMALL DARK GRAY MAISON ET JARDIN POT,221-70264,,,,,,,6 x 3.25,,1,99,,,,,1,Blossom400,Blossom160,https://s3.amazonaws.com/emuncloud-staticassets/productImages/bb112/large/221-70264.jpg?1.0.81.14177-aca54d382+master+blossombucket+umbraco+prod+cms=no-cache&m=undefined&=im2021-06-29T09:08:54.2370000Z,221-70264.jpg?1.0.81.14177-aca54d382+master+blossombucket+umbraco+prod+cms=no-cache&m=undefined&=im2021-06-29T09:08:54.2370000Z,,,Blossom800,221-70264.jpg?1.0.81.14177-aca54d382+master+blossombucket+umbraco+prod+cms=no-cache&m=undefined&=im2021-06-29T09:08:54.2370000Z
DECORATIVE FLOOR MAT - MATDS532 - SPRING WAGON *DSC*,199-MATDS532,,,,,,,x,,1,99,,,,,1,Blossom400,Blossom160,https://s3.amazonaws.com/emuncloud-staticassets/productImages/bb112/large/199-MATDS532.jpg?1.0.81.14177-aca54d382+master+blossombucket+umbraco+prod+cms=no-cache&m=undefined&=im1,199-MATDS532.jpg?1.0.81.14177-aca54d382+master+blossombucket+umbraco+prod+cms=no-cache&m=undefined&=im1,,,Blossom800,199-MATDS532.jpg?1.0.81.14177-aca54d382+master+blossombucket+umbraco+prod+cms=no-cache&m=undefined&=im1
PURPLE LARGE PETAL FLOWER IN BURLAP BAG,221-70261,,,,,,,6 x 3.25,,1,99,,,,,1,Blossom400,Blossom160,https://s3.amazonaws.com/emuncloud-staticassets/productImages/bb112/large/221-70261.jpg?1.0.81.14177-aca54d382+master+blossombucket+umbraco+prod+cms=no-cache&m=undefined&=im2021-06-29T09:08:48.8600000Z,221-70261.jpg?1.0.81.14177-aca54d382+master+blossombucket+umbraco+prod+cms=no-cache&m=undefined&=im2021-06-29T09:08:48.8600000Z,,,Blossom800,221-70261.jpg?1.0.81.14177-aca54d382+master+blossombucket+umbraco+prod+cms=no-cache&m=undefined&=im2021-06-29T09:08:48.8600000Z
MOM WORLD NEEDS MORE LIKE YOU FRAMED SIGN,221-30338,,,,,,,6 x 6,,1,99,,,,,1,Blossom400,Blossom160,https://s3.amazonaws.com/emuncloud-staticassets/productImages/bb112/large/221-30338.jpg?1.0.81.14177-aca54d382+master+blossombucket+umbraco+prod+cms=no-cache&m=undefined&=im2021-06-29T09:08:02.7900000Z,221-30338.jpg?1.0.81.14177-aca54d382+master+blossombucket+umbraco+prod+cms=no-cache&m=undefined&=im2021-06-29T09:08:02.7900000Z,,,Blossom800,221-30338.jpg?1.0.81.14177-aca54d382+master+blossombucket+umbraco+prod+cms=no-cache&m=undefined&=im2021-06-29T09:08:02.7900000Z
NANA WILL ALWAYS HAVE MY HEART FRAMED SIGN,221-30339,,,,,,,6 x 6,,1,99,,,,,1,Blossom400,Blossom160,https://s3.amazonaws.com/emuncloud-staticassets/productImages/bb112/large/221-30339.jpg?1.0.81.14177-aca54d382+master+blossombucket+umbraco+prod+cms=no-cache&m=undefined&=im2021-06-29T09:08:05.1000000Z,221-30339.jpg?1.0.81.14177-aca54d382+master+blossombucket+umbraco+prod+cms=no-cache&m=undefined&=im2021-06-29T09:08:05.1000000Z,,,Blossom800,221-30339.jpg?1.0.81.14177-aca54d382+master+blossombucket+umbraco+prod+cms=no-cache&m=undefined&=im2021-06-29T09:08:05.1000000Z
FRIEND MAKE MY LIFE HAPPY FRAMED SIGN,221-30336,,,,,,,6 x 6,,1,99,,,,,1,Blossom400,Blossom160,https://s3.amazonaws.com/emuncloud-staticassets/productImages/bb112/large/221-30336.jpg?1.0.81.14177-aca54d382+master+blossombucket+umbraco+prod+cms=no-cache&m=undefined&=im2021-06-29T09:07:58.0430000Z,221-30336.jpg?1.0.81.14177-aca54d382+master+blossombucket+umbraco+prod+cms=no-cache&m=undefined&=im2021-06-29T09:07:58.0430000Z,,,Blossom800,221-30336.jpg?1.0.81.14177-aca54d382+master+blossombucket+umbraco+prod+cms=no-cache&m=undefined&=im2021-06-29T09:07:58.0430000Z
AUNT BEYOND BLESSED FRAMES SIGN,221-30334,,,,,,,6 x 6,,1,99,,,,,1,Blossom400,Blossom160,https://s3.amazonaws.com/emuncloud-staticassets/productImages/bb112/large/221-30334.jpg?1.0.81.14177-aca54d382+master+blossombucket+umbraco+prod+cms=no-cache&m=undefined&=im2021-06-29T09:07:53.2200000Z,221-30334.jpg?1.0.81.14177-aca54d382+master+blossombucket+umbraco+prod+cms=no-cache&m=undefined&=im2021-06-29T09:07:53.2200000Z,,,Blossom800,221-30334.jpg?1.0.81.14177-aca54d382+master+blossombucket+umbraco+prod+cms=no-cache&m=undefined&=im2021-06-29T09:07:53.2200000Z
DAUGHTER SUCH A SHINING LIGHT FRAMED SIGN,221-30335,,,,,,,6 x 6,,1,99,,,,,1,Blossom400,Blossom160,https://s3.amazonaws.com/emuncloud-staticassets/productImages/bb112/large/221-30335.jpg?1.0.81.14177-aca54d382+master+blossombucket+umbraco+prod+cms=no-cache&m=undefined&=im2021-06-29T09:07:55.5700000Z,221-30335.jpg?1.0.81.14177-aca54d382+master+blossombucket+umbraco+prod+cms=no-cache&m=undefined&=im2021-06-29T09:07:55.5700000Z,,,Blossom800,221-30335.jpg?1.0.81.14177-aca54d382+master+blossombucket+umbraco+prod+cms=no-cache&m=undefined&=im2021-06-29T09:07:55.5700000Z
SPRING BLESSINGS TRUCK WITH EASTER EGGS,221-13375,,,,,,,4.5 x 3.5,,1,99,,,,,1,Blossom400,Blossom160,https://s3.amazonaws.com/emuncloud-staticassets/productImages/bb112/large/221-13375.jpg?1.0.81.14177-aca54d382+master+blossombucket+umbraco+prod+cms=no-cache&m=undefined&=im2021-06-29T09:07:10.4500000Z,221-13375.jpg?1.0.81.14177-aca54d382+master+blossombucket+umbraco+prod+cms=no-cache&m=undefined&=im2021-06-29T09:07:10.4500000Z,,,Blossom800,221-13375.jpg?1.0.81.14177-aca54d382+master+blossombucket+umbraco+prod+cms=no-cache&m=undefined&=im2021-06-29T09:07:10.4500000Z
PINK CHECKERED RABBIT,221-13374,,,,,,,3.75 x 2.25,,1,99,,,,,1,Blossom400,Blossom160,https://s3.amazonaws.com/emuncloud-staticassets/productImages/bb112/large/221-13374.jpg?1.0.81.14177-aca54d382+master+blossombucket+umbraco+prod+cms=no-cache&m=undefined&=im2021-06-29T09:07:09.0570000Z,221-13374.jpg?1.0.81.14177-aca54d382+master+blossombucket+umbraco+prod+cms=no-cache&m=undefined&=im2021-06-29T09:07:09.0570000Z,,,Blossom800,221-13374.jpg?1.0.81.14177-aca54d382+master+blossombucket+umbraco+prod+cms=no-cache&m=undefined&=im2021-06-29T09:07:09.0570000Z
Amish Man with Milk Can and Cat,221-13298,,,,,,,3.5 x 1.75,,1,99,,,,,1,Blossom400,Blossom160,https://s3.amazonaws.com/emuncloud-staticassets/productImages/bb112/large/221-13298.jpg?1.0.81.14177-aca54d382+master+blossombucket+umbraco+prod+cms=no-cache&m=undefined&=im2021-10-21T13:32:03.3700000Z,221-13298.jpg?1.0.81.14177-aca54d382+master+blossombucket+umbraco+prod+cms=no-cache&m=undefined&=im2021-10-21T13:32:03.3700000Z,,,Blossom800,221-13298.jpg?1.0.81.14177-aca54d382+master+blossombucket+umbraco+prod+cms=no-cache&m=undefined&=im2021-10-21T13:32:03.3700000Z
Amish Angel,221-13299,,,,,,,3.5 x 2,,1,99,,,,,1,Blossom400,Blossom160,https://s3.amazonaws.com/emuncloud-staticassets/productImages/bb112/large/221-13299.jpg?1.0.81.14177-aca54d382+master+blossombucket+umbraco+prod+cms=no-cache&m=undefined&=im2021-10-21T13:32:04.5330000Z,221-13299.jpg?1.0.81.14177-aca54d382+master+blossombucket+umbraco+prod+cms=no-cache&m=undefined&=im2021-10-21T13:32:04.5330000Z,,,Blossom800,221-13299.jpg?1.0.81.14177-aca54d382+master+blossombucket+umbraco+prod+cms=no-cache&m=undefined&=im2021-10-21T13:32:04.5330000Z
YOU ARE A BLESSING TO ME FRIEND ANGEL,221-13352,,,,,,,5 x 2,,1,99,,,,,1,Blossom400,Blossom160,https://s3.amazonaws.com/emuncloud-staticassets/productImages/bb112/large/221-13352.jpg?1.0.81.14177-aca54d382+master+blossombucket+umbraco+prod+cms=no-cache&m=undefined&=im2021-06-29T09:06:50.1530000Z,221-13352.jpg?1.0.81.14177-aca54d382+master+blossombucket+umbraco+prod+cms=no-cache&m=undefined&=im2021-06-29T09:06:50.1530000Z,,,Blossom800,221-13352.jpg?1.0.81.14177-aca54d382+master+blossombucket+umbraco+prod+cms=no-cache&m=undefined&=im2021-06-29T09:06:50.1530000Z
"""A Baby Changes Everything"" Amish Family",221-13297,,,,,,,3.75 x 2.5,,1,99,,,,,1,Blossom400,Blossom160,https://s3.amazonaws.com/emuncloud-staticassets/productImages/bb112/large/221-13297.jpg?1.0.81.14177-aca54d382+master+blossombucket+umbraco+prod+cms=no-cache&m=undefined&=im2021-10-21T13:32:01.9070000Z,221-13297.jpg?1.0.81.14177-aca54d382+master+blossombucket+umbraco+prod+cms=no-cache&m=undefined&=im2021-10-21T13:32:01.9070000Z,,,Blossom800,221-13297.jpg?1.0.81.14177-aca54d382+master+blossombucket+umbraco+prod+cms=no-cache&m=undefined&=im2021-10-21T13:32:01.9070000Z
DECORATIVE FLOOR MAT - WELCOME FALL FRIENDS *DSC*,199-MATDS470,,,,,,,x,,1,99,,,,,1,Blossom400,Blossom160,https://s3.amazonaws.com/emuncloud-staticassets/productImages/bb112/large/199-MATDS470.jpg?1.0.81.14177-aca54d382+master+blossombucket+umbraco+prod+cms=no-cache&m=undefined&=im1,199-MATDS470.jpg?1.0.81.14177-aca54d382+master+blossombucket+umbraco+prod+cms=no-cache&m=undefined&=im1,,,Blossom800,199-MATDS470.jpg?1.0.81.14177-aca54d382+master+blossombucket+umbraco+prod+cms=no-cache&m=undefined&=im1
DECORATIVE FLOOR MAT - HELLO SUMMER - DS476 *DSC*,199-MATDS476,,,,,,,x,,1,99,,,,,1,Blossom400,Blossom160,https://s3.amazonaws.com/emuncloud-staticassets/productImages/bb112/large/199-MATDS476.jpg?1.0.81.14177-aca54d382+master+blossombucket+umbraco+prod+cms=no-cache&m=undefined&=im1,199-MATDS476.jpg?1.0.81.14177-aca54d382+master+blossombucket+umbraco+prod+cms=no-cache&m=undefined&=im1,,,Blossom800,199-MATDS476.jpg?1.0.81.14177-aca54d382+master+blossombucket+umbraco+prod+cms=no-cache&m=undefined&=im1
DECORATIVE FLOOR MAT - HELLO AUTUMN - DS477 *DSC*,199-MATDS477,,,,,,,x,,1,99,,,,,1,Blossom400,Blossom160,https://s3.amazonaws.com/emuncloud-staticassets/productImages/bb112/large/199-MATDS477.jpg?1.0.81.14177-aca54d382+master+blossombucket+umbraco+prod+cms=no-cache&m=undefined&=im1,199-MATDS477.jpg?1.0.81.14177-aca54d382+master+blossombucket+umbraco+prod+cms=no-cache&m=undefined&=im1,,,Blossom800,199-MATDS477.jpg?1.0.81.14177-aca54d382+master+blossombucket+umbraco+prod+cms=no-cache&m=undefined&=im1
ROUND PURPLE FLOWERS IN A LARGE DARK GRAY MAISON ET JARDIN POT,221-70303,,,,,,,7.5 x 4,,1,99,,,,,1,Blossom400,Blossom160,https://s3.amazonaws.com/emuncloud-staticassets/productImages/bb112/large/221-70303.jpg?1.0.81.14177-aca54d382+master+blossombucket+umbraco+prod+cms=no-cache&m=undefined&=im2021-06-29T09:09:41.4470000Z,221-70303.jpg?1.0.81.14177-aca54d382+master+blossombucket+umbraco+prod+cms=no-cache&m=undefined&=im2021-06-29T09:09:41.4470000Z,,,Blossom800,221-70303.jpg?1.0.81.14177-aca54d382+master+blossombucket+umbraco+prod+cms=no-cache&m=undefined&=im2021-06-29T09:09:41.4470000Z
ROUND DARK PINK FLOWERS IN A LARGE DARK GRAY MAISON ET JARDIN POT,221-70302,,,,,,,7.5 x 4,,1,99,,,,,1,Blossom400,Blossom160,https://s3.amazonaws.com/emuncloud-staticassets/productImages/bb112/large/221-70302.jpg?1.0.81.14177-aca54d382+master+blossombucket+umbraco+prod+cms=no-cache&m=undefined&=im2021-06-29T09:09:39.4300000Z,221-70302.jpg?1.0.81.14177-aca54d382+master+blossombucket+umbraco+prod+cms=no-cache&m=undefined&=im2021-06-29T09:09:39.4300000Z,,,Blossom800,221-70302.jpg?1.0.81.14177-aca54d382+master+blossombucket+umbraco+prod+cms=no-cache&m=undefined&=im2021-06-29T09:09:39.4300000Z
PURPLE FLOWERS IN A SHORT DARK GRAY POT,221-70306,,,,,,,5 x 5.5,,1,99,,,,,1,Blossom400,Blossom160,https://s3.amazonaws.com/emuncloud-staticassets/productImages/bb112/large/221-70306.jpg?1.0.81.14177-aca54d382+master+blossombucket+umbraco+prod+cms=no-cache&m=undefined&=im2021-06-29T09:09:47.5800000Z,221-70306.jpg?1.0.81.14177-aca54d382+master+blossombucket+umbraco+prod+cms=no-cache&m=undefined&=im2021-06-29T09:09:47.5800000Z,,,Blossom800,221-70306.jpg?1.0.81.14177-aca54d382+master+blossombucket+umbraco+prod+cms=no-cache&m=undefined&=im2021-06-29T09:09:47.5800000Z
DARK PINK FLOWERS IN A SHORT DARK GRAY POT,221-70305,,,,,,,5 x 5.5,,1,99,,,,,1,Blossom400,Blossom160,https://s3.amazonaws.com/emuncloud-staticassets/productImages/bb112/large/221-70305.jpg?1.0.81.14177-aca54d382+master+blossombucket+umbraco+prod+cms=no-cache&m=undefined&=im2021-06-29T09:09:45.5570000Z,221-70305.jpg?1.0.81.14177-aca54d382+master+blossombucket+umbraco+prod+cms=no-cache&m=undefined&=im2021-06-29T09:09:45.5570000Z,,,Blossom800,221-70305.jpg?1.0.81.14177-aca54d382+master+blossombucket+umbraco+prod+cms=no-cache&m=undefined&=im2021-06-29T09:09:45.5570000Z
LIGHT PINK FLOWERS IN A SHORT DARK GRAY POT,221-70304,,,,,,,5 x 5.5,,1,99,,,,,1,Blossom400,Blossom160,https://s3.amazonaws.com/emuncloud-staticassets/productImages/bb112/large/221-70304.jpg?1.0.81.14177-aca54d382+master+blossombucket+umbraco+prod+cms=no-cache&m=undefined&=im2021-06-29T09:09:43.6270000Z,221-70304.jpg?1.0.81.14177-aca54d382+master+blossombucket+umbraco+prod+cms=no-cache&m=undefined&=im2021-06-29T09:09:43.6270000Z,,,Blossom800,221-70304.jpg?1.0.81.14177-aca54d382+master+blossombucket+umbraco+prod+cms=no-cache&m=undefined&=im2021-06-29T09:09:43.6270000Z
Most Precious Gift of Christmas Candle In Ceramic Bucket (Twisted Peppermint),218-20212,,,,,,,4.25 x 4,,1,99,,,,,1,Blossom400,Blossom160,https://s3.amazonaws.com/emuncloud-staticassets/productImages/bb112/large/218-20212.jpg?1.0.81.14177-aca54d382+master+blossombucket+umbraco+prod+cms=no-cache&m=undefined&=im2021-08-17T08:27:41.4900000Z,218-20212.jpg?1.0.81.14177-aca54d382+master+blossombucket+umbraco+prod+cms=no-cache&m=undefined&=im2021-08-17T08:27:41.4900000Z,,,Blossom800,218-20212.jpg?1.0.81.14177-aca54d382+master+blossombucket+umbraco+prod+cms=no-cache&m=undefined&=im2021-08-17T08:27:41.4900000Z
PURPLE FLOWERS IN WHITE CERAMIC POT,221-70275,,,,,,,8 x 4,,1,99,,,,,1,Blossom400,Blossom160,https://s3.amazonaws.com/emuncloud-staticassets/productImages/bb112/large/221-70275.jpg?1.0.81.14177-aca54d382+master+blossombucket+umbraco+prod+cms=no-cache&m=undefined&=im2021-06-29T09:09:07.3070000Z,221-70275.jpg?1.0.81.14177-aca54d382+master+blossombucket+umbraco+prod+cms=no-cache&m=undefined&=im2021-06-29T09:09:07.3070000Z,,,Blossom800,221-70275.jpg?1.0.81.14177-aca54d382+master+blossombucket+umbraco+prod+cms=no-cache&m=undefined&=im2021-06-29T09:09:07.3070000Z
WHITE FLOWERS IN WHITE CERAMIC POT,221-70274,,,,,,,8 x 4,,1,99,,,,,1,Blossom400,Blossom160,https://s3.amazonaws.com/emuncloud-staticassets/productImages/bb112/large/221-70274.jpg?1.0.81.14177-aca54d382+master+blossombucket+umbraco+prod+cms=no-cache&m=undefined&=im2021-06-29T09:09:05.4830000Z,221-70274.jpg?1.0.81.14177-aca54d382+master+blossombucket+umbraco+prod+cms=no-cache&m=undefined&=im2021-06-29T09:09:05.4830000Z,,,Blossom800,221-70274.jpg?1.0.81.14177-aca54d382+master+blossombucket+umbraco+prod+cms=no-cache&m=undefined&=im2021-06-29T09:09:05.4830000Z
HILARIOUS LITTLE OLD LADIES FRAMED SIGN,221-30238,,,,,,,4 x 4,,1,99,,,,,1,Blossom400,Blossom160,https://s3.amazonaws.com/emuncloud-staticassets/productImages/bb112/large/221-30238.jpg?1.0.81.14177-aca54d382+master+blossombucket+umbraco+prod+cms=no-cache&m=undefined&=im2021-06-29T09:07:51.6970000Z,221-30238.jpg?1.0.81.14177-aca54d382+master+blossombucket+umbraco+prod+cms=no-cache&m=undefined&=im2021-06-29T09:07:51.6970000Z,,,Blossom800,221-30238.jpg?1.0.81.14177-aca54d382+master+blossombucket+umbraco+prod+cms=no-cache&m=undefined&=im2021-06-29T09:07:51.6970000Z
OVERFLOWING WITH THANKFULNESS FRAMED SIGN,221-30232,,,,,,,6 x 11.75,,1,99,,,,,1,Blossom400,Blossom160,https://s3.amazonaws.com/emuncloud-staticassets/productImages/bb112/large/221-30232.jpg?1.0.81.14177-aca54d382+master+blossombucket+umbraco+prod+cms=no-cache&m=undefined&=im2021-06-29T09:07:42.4970000Z,221-30232.jpg?1.0.81.14177-aca54d382+master+blossombucket+umbraco+prod+cms=no-cache&m=undefined&=im2021-06-29T09:07:42.4970000Z,,,Blossom800,221-30232.jpg?1.0.81.14177-aca54d382+master+blossombucket+umbraco+prod+cms=no-cache&m=undefined&=im2021-06-29T09:07:42.4970000Z
THINK GOOD THOUGHTS FRAMED SIGN,221-30231,,,,,,,9.5 x 8,,1,99,,,,,1,Blossom400,Blossom160,https://s3.amazonaws.com/emuncloud-staticassets/productImages/bb112/large/221-30231.jpg?1.0.81.14177-aca54d382+master+blossombucket+umbraco+prod+cms=no-cache&m=undefined&=im2021-06-29T09:07:39.4300000Z,221-30231.jpg?1.0.81.14177-aca54d382+master+blossombucket+umbraco+prod+cms=no-cache&m=undefined&=im2021-06-29T09:07:39.4300000Z,,,Blossom800,221-30231.jpg?1.0.81.14177-aca54d382+master+blossombucket+umbraco+prod+cms=no-cache&m=undefined&=im2021-06-29T09:07:39.4300000Z
ALL BECAUSE TWO PEOPLE FELL IN LOVE FRAMED SIGN,221-30230,,,,,,,9.5 x 8,,1,99,,,,,1,Blossom400,Blossom160,https://s3.amazonaws.com/emuncloud-staticassets/productImages/bb112/large/221-30230.jpg?1.0.81.14177-aca54d382+master+blossombucket+umbraco+prod+cms=no-cache&m=undefined&=im2021-06-29T09:07:36.2870000Z,221-30230.jpg?1.0.81.14177-aca54d382+master+blossombucket+umbraco+prod+cms=no-cache&m=undefined&=im2021-06-29T09:07:36.2870000Z,,,Blossom800,221-30230.jpg?1.0.81.14177-aca54d382+master+blossombucket+umbraco+prod+cms=no-cache&m=undefined&=im2021-06-29T09:07:36.2870000Z
DO ONE THING EVERY DAY THAT SCARES YOU FRAMED SIGN,221-30237,,,,,,,4 x 4,,1,99,,,,,1,Blossom400,Blossom160,https://s3.amazonaws.com/emuncloud-staticassets/productImages/bb112/large/221-30237.jpg?1.0.81.14177-aca54d382+master+blossombucket+umbraco+prod+cms=no-cache&m=undefined&=im2021-06-29T09:07:50.1070000Z,221-30237.jpg?1.0.81.14177-aca54d382+master+blossombucket+umbraco+prod+cms=no-cache&m=undefined&=im2021-06-29T09:07:50.1070000Z,,,Blossom800,221-30237.jpg?1.0.81.14177-aca54d382+master+blossombucket+umbraco+prod+cms=no-cache&m=undefined&=im2021-06-29T09:07:50.1070000Z
EAT CAKE FRAMED SIGN,221-30235,,,,,,,4 x 4,,1,99,,,,,1,Blossom400,Blossom160,https://s3.amazonaws.com/emuncloud-staticassets/productImages/bb112/large/221-30235.jpg?1.0.81.14177-aca54d382+master+blossombucket+umbraco+prod+cms=no-cache&m=undefined&=im2021-06-29T09:07:48.5500000Z,221-30235.jpg?1.0.81.14177-aca54d382+master+blossombucket+umbraco+prod+cms=no-cache&m=undefined&=im2021-06-29T09:07:48.5500000Z,,,Blossom800,221-30235.jpg?1.0.81.14177-aca54d382+master+blossombucket+umbraco+prod+cms=no-cache&m=undefined&=im2021-06-29T09:07:48.5500000Z
NOBODY'S PERFECT EXCEPT MY GRANDKIDS FRAMED SIGN,221-30234,,,,,,,6 x 11.75,,1,99,,,,,1,Blossom400,Blossom160,https://s3.amazonaws.com/emuncloud-staticassets/productImages/bb112/large/221-30234.jpg?1.0.81.14177-aca54d382+master+blossombucket+umbraco+prod+cms=no-cache&m=undefined&=im2021-06-29T09:07:45.6070000Z,221-30234.jpg?1.0.81.14177-aca54d382+master+blossombucket+umbraco+prod+cms=no-cache&m=undefined&=im2021-06-29T09:07:45.6070000Z,,,Blossom800,221-30234.jpg?1.0.81.14177-aca54d382+master+blossombucket+umbraco+prod+cms=no-cache&m=undefined&=im2021-06-29T09:07:45.6070000Z
ROUND LIGHT PINK FLOWERS IN A LARGE DARK GRAY MAISON ET JARDIN POT..,221-70299,,,,,,,7.5 x 4,,1,99,,,,,1,Blossom400,Blossom160,https://s3.amazonaws.com/emuncloud-staticassets/productImages/bb112/large/221-70299.jpg?1.0.81.14177-aca54d382+master+blossombucket+umbraco+prod+cms=no-cache&m=undefined&=im2021-06-29T09:09:37.2570000Z,221-70299.jpg?1.0.81.14177-aca54d382+master+blossombucket+umbraco+prod+cms=no-cache&m=undefined&=im2021-06-29T09:09:37.2570000Z,,,Blossom800,221-70299.jpg?1.0.81.14177-aca54d382+master+blossombucket+umbraco+prod+cms=no-cache&m=undefined&=im2021-06-29T09:09:37.2570000Z
ROUND WHITE FLOWERS IN A LARGE DARK GRAY MAISON ET JARDIN POT..,221-70298,,,,,,,7.5 x 4,,1,99,,,,,1,Blossom400,Blossom160,https://s3.amazonaws.com/emuncloud-staticassets/productImages/bb112/large/221-70298.jpg?1.0.81.14177-aca54d382+master+blossombucket+umbraco+prod+cms=no-cache&m=undefined&=im2021-06-29T09:09:35.2170000Z,221-70298.jpg?1.0.81.14177-aca54d382+master+blossombucket+umbraco+prod+cms=no-cache&m=undefined&=im2021-06-29T09:09:35.2170000Z,,,Blossom800,221-70298.jpg?1.0.81.14177-aca54d382+master+blossombucket+umbraco+prod+cms=no-cache&m=undefined&=im2021-06-29T09:09:35.2170000Z
SMALL COPPER DECORATIVE STAND,221-70291,,,,,,,7.25 x 9.75,,1,99,,,,,1,Blossom400,Blossom160,https://s3.amazonaws.com/emuncloud-staticassets/productImages/bb112/large/221-70291.jpg?1.0.81.14177-aca54d382+master+blossombucket+umbraco+prod+cms=no-cache&m=undefined&=im2021-06-29T09:09:21.7070000Z,221-70291.jpg?1.0.81.14177-aca54d382+master+blossombucket+umbraco+prod+cms=no-cache&m=undefined&=im2021-06-29T09:09:21.7070000Z,,,Blossom800,221-70291.jpg?1.0.81.14177-aca54d382+master+blossombucket+umbraco+prod+cms=no-cache&m=undefined&=im2021-06-29T09:09:21.7070000Z
CANDLE HOLDER WITH REMOVABLE GLASS,221-70290,,,,,,,14 x 6,,1,99,,,,,1,Blossom400,Blossom160,https://s3.amazonaws.com/emuncloud-staticassets/productImages/bb112/large/221-70290.jpg?1.0.81.14177-aca54d382+master+blossombucket+umbraco+prod+cms=no-cache&m=undefined&=im2021-06-29T09:09:19.7770000Z,221-70290.jpg?1.0.81.14177-aca54d382+master+blossombucket+umbraco+prod+cms=no-cache&m=undefined&=im2021-06-29T09:09:19.7770000Z,,,Blossom800,221-70290.jpg?1.0.81.14177-aca54d382+master+blossombucket+umbraco+prod+cms=no-cache&m=undefined&=im2021-06-29T09:09:19.7770000Z
COPPER CANDLE HOLDER,221-70293,,,,,,,5.75 x 5.5,,1,99,,,,,1,Blossom400,Blossom160,https://s3.amazonaws.com/emuncloud-staticassets/productImages/bb112/large/221-70293.jpg?1.0.81.14177-aca54d382+master+blossombucket+umbraco+prod+cms=no-cache&m=undefined&=im2021-06-29T09:09:25.5770000Z,221-70293.jpg?1.0.81.14177-aca54d382+master+blossombucket+umbraco+prod+cms=no-cache&m=undefined&=im2021-06-29T09:09:25.5770000Z,,,Blossom800,221-70293.jpg?1.0.81.14177-aca54d382+master+blossombucket+umbraco+prod+cms=no-cache&m=undefined&=im2021-06-29T09:09:25.5770000Z
LARGE COPPPER DECORATIVE STAND,221-70292,,,,,,,9 x 11.75,,1,99,,,,,1,Blossom400,Blossom160,https://s3.amazonaws.com/emuncloud-staticassets/productImages/bb112/large/221-70292.jpg?1.0.81.14177-aca54d382+master+blossombucket+umbraco+prod+cms=no-cache&m=undefined&=im2021-06-29T09:09:23.9170000Z,221-70292.jpg?1.0.81.14177-aca54d382+master+blossombucket+umbraco+prod+cms=no-cache&m=undefined&=im2021-06-29T09:09:23.9170000Z,,,Blossom800,221-70292.jpg?1.0.81.14177-aca54d382+master+blossombucket+umbraco+prod+cms=no-cache&m=undefined&=im2021-06-29T09:09:23.9170000Z
PINK FLOWERS IN A LIGHT CEMENT POT..,221-70295,,,,,,,8 x 3,,1,99,,,,,1,Blossom400,Blossom160,https://s3.amazonaws.com/emuncloud-staticassets/productImages/bb112/large/221-70295.jpg?1.0.81.14177-aca54d382+master+blossombucket+umbraco+prod+cms=no-cache&m=undefined&=im2021-06-29T09:09:29.0830000Z,221-70295.jpg?1.0.81.14177-aca54d382+master+blossombucket+umbraco+prod+cms=no-cache&m=undefined&=im2021-06-29T09:09:29.0830000Z,,,Blossom800,221-70295.jpg?1.0.81.14177-aca54d382+master+blossombucket+umbraco+prod+cms=no-cache&m=undefined&=im2021-06-29T09:09:29.0830000Z
YELLOW FLOWERS IN A LIGHT CEMENT POT,221-70294,,,,,,,8 x 3,,1,99,,,,,1,Blossom400,Blossom160,https://s3.amazonaws.com/emuncloud-staticassets/productImages/bb112/large/221-70294.jpg?1.0.81.14177-aca54d382+master+blossombucket+umbraco+prod+cms=no-cache&m=undefined&=im2021-06-29T09:09:27.2230000Z,221-70294.jpg?1.0.81.14177-aca54d382+master+blossombucket+umbraco+prod+cms=no-cache&m=undefined&=im2021-06-29T09:09:27.2230000Z,,,Blossom800,221-70294.jpg?1.0.81.14177-aca54d382+master+blossombucket+umbraco+prod+cms=no-cache&m=undefined&=im2021-06-29T09:09:27.2230000Z
WHITE FLOWERS IN A LIGHT CEMENT POT..,221-70297,,,,,,,8 x 3,,1,99,,,,,1,Blossom400,Blossom160,https://s3.amazonaws.com/emuncloud-staticassets/productImages/bb112/large/221-70297.jpg?1.0.81.14177-aca54d382+master+blossombucket+umbraco+prod+cms=no-cache&m=undefined&=im2021-06-29T09:09:33.1930000Z,221-70297.jpg?1.0.81.14177-aca54d382+master+blossombucket+umbraco+prod+cms=no-cache&m=undefined&=im2021-06-29T09:09:33.1930000Z,,,Blossom800,221-70297.jpg?1.0.81.14177-aca54d382+master+blossombucket+umbraco+prod+cms=no-cache&m=undefined&=im2021-06-29T09:09:33.1930000Z
PURPLE FLOWERS IN A LIGHT CEMENT POT,221-70296,,,,,,,8 x 3,,1,99,,,,,1,Blossom400,Blossom160,https://s3.amazonaws.com/emuncloud-staticassets/productImages/bb112/large/221-70296.jpg?1.0.81.14177-aca54d382+master+blossombucket+umbraco+prod+cms=no-cache&m=undefined&=im2021-06-29T09:09:31.1770000Z,221-70296.jpg?1.0.81.14177-aca54d382+master+blossombucket+umbraco+prod+cms=no-cache&m=undefined&=im2021-06-29T09:09:31.1770000Z,,,Blossom800,221-70296.jpg?1.0.81.14177-aca54d382+master+blossombucket+umbraco+prod+cms=no-cache&m=undefined&=im2021-06-29T09:09:31.1770000Z
EASTER BUNNY! PLEASE STOP! PLAQUE WITH RABBIT,221-13367,,,,,,,3.5 x 5,,1,99,,,,,1,Blossom400,Blossom160,https://s3.amazonaws.com/emuncloud-staticassets/productImages/bb112/large/221-13367.jpg?1.0.81.14177-aca54d382+master+blossombucket+umbraco+prod+cms=no-cache&m=undefined&=im2021-06-29T09:07:07.4400000Z,221-13367.jpg?1.0.81.14177-aca54d382+master+blossombucket+umbraco+prod+cms=no-cache&m=undefined&=im2021-06-29T09:07:07.4400000Z,,,Blossom800,221-13367.jpg?1.0.81.14177-aca54d382+master+blossombucket+umbraco+prod+cms=no-cache&m=undefined&=im2021-06-29T09:07:07.4400000Z
BUNNY WITH PINK FLOWER,221-13364,,,,,,,3 x 3,,1,99,,,,,1,Blossom400,Blossom160,https://s3.amazonaws.com/emuncloud-staticassets/productImages/bb112/large/221-13364.jpg?1.0.81.14177-aca54d382+master+blossombucket+umbraco+prod+cms=no-cache&m=undefined&=im2021-06-29T09:07:04.5200000Z,221-13364.jpg?1.0.81.14177-aca54d382+master+blossombucket+umbraco+prod+cms=no-cache&m=undefined&=im2021-06-29T09:07:04.5200000Z,,,Blossom800,221-13364.jpg?1.0.81.14177-aca54d382+master+blossombucket+umbraco+prod+cms=no-cache&m=undefined&=im2021-06-29T09:07:04.5200000Z
SOMEBUNNY LOVES ME PLAQUE WITH RABBIT,221-13365,,,,,,,4.25 x 4,,1,99,,,,,1,Blossom400,Blossom160,https://s3.amazonaws.com/emuncloud-staticassets/productImages/bb112/large/221-13365.jpg?1.0.81.14177-aca54d382+master+blossombucket+umbraco+prod+cms=no-cache&m=undefined&=im2021-06-29T09:07:05.9370000Z,221-13365.jpg?1.0.81.14177-aca54d382+master+blossombucket+umbraco+prod+cms=no-cache&m=undefined&=im2021-06-29T09:07:05.9370000Z,,,Blossom800,221-13365.jpg?1.0.81.14177-aca54d382+master+blossombucket+umbraco+prod+cms=no-cache&m=undefined&=im2021-06-29T09:07:05.9370000Z
FRIEND HEART PLAQUE,221-13362,,,,,,,3.25 x 3.5,,1,99,,,,,1,Blossom400,Blossom160,https://s3.amazonaws.com/emuncloud-staticassets/productImages/bb112/large/221-13362.jpg?1.0.81.14177-aca54d382+master+blossombucket+umbraco+prod+cms=no-cache&m=undefined&=im2021-06-29T09:07:03.2100000Z,221-13362.jpg?1.0.81.14177-aca54d382+master+blossombucket+umbraco+prod+cms=no-cache&m=undefined&=im2021-06-29T09:07:03.2100000Z,,,Blossom800,221-13362.jpg?1.0.81.14177-aca54d382+master+blossombucket+umbraco+prod+cms=no-cache&m=undefined&=im2021-06-29T09:07:03.2100000Z
GRANDMA YOU?RE THE BEST FRAMED SIGN,221-30337,,,,,,,6 x 6,,1,99,,,,,1,Blossom400,Blossom160,https://s3.amazonaws.com/emuncloud-staticassets/productImages/bb112/large/221-30337.jpg?1.0.81.14177-aca54d382+master+blossombucket+umbraco+prod+cms=no-cache&m=undefined&=im2021-06-29T09:08:00.2730000Z,221-30337.jpg?1.0.81.14177-aca54d382+master+blossombucket+umbraco+prod+cms=no-cache&m=undefined&=im2021-06-29T09:08:00.2730000Z,,,Blossom800,221-30337.jpg?1.0.81.14177-aca54d382+master+blossombucket+umbraco+prod+cms=no-cache&m=undefined&=im2021-06-29T09:08:00.2730000Z
GRANDMA HEART PLAQUE,221-13361,,,,,,,3.25 x 3.5,,1,99,,,,,1,Blossom400,Blossom160,https://s3.amazonaws.com/emuncloud-staticassets/productImages/bb112/large/221-13361.jpg?1.0.81.14177-aca54d382+master+blossombucket+umbraco+prod+cms=no-cache&m=undefined&=im2021-06-29T09:07:01.9200000Z,221-13361.jpg?1.0.81.14177-aca54d382+master+blossombucket+umbraco+prod+cms=no-cache&m=undefined&=im2021-06-29T09:07:01.9200000Z,,,Blossom800,221-13361.jpg?1.0.81.14177-aca54d382+master+blossombucket+umbraco+prod+cms=no-cache&m=undefined&=im2021-06-29T09:07:01.9200000Z
Life is Better With a Dog Plaque,2166-13331,,,,,,,4.5 x 3.25,,1,99,,,,,1,Blossom400,Blossom160,https://s3.amazonaws.com/emuncloud-staticassets/productImages/bb112/large/2166-13331.jpg?1.0.81.14177-aca54d382+master+blossombucket+umbraco+prod+cms=no-cache&m=undefined&=im2021-01-27T07:30:52.7130000Z,2166-13331.jpg?1.0.81.14177-aca54d382+master+blossombucket+umbraco+prod+cms=no-cache&m=undefined&=im2021-01-27T07:30:52.7130000Z,,,Blossom800,2166-13331.jpg?1.0.81.14177-aca54d382+master+blossombucket+umbraco+prod+cms=no-cache&m=undefined&=im2021-01-27T07:30:52.7130000Z
"Set of 3 ""Blessings/Thanks/Gather"" Pumpkins",216-13090,,,,,,,3 x 4,,1,99,,,,,1,Blossom400,Blossom160,https://s3.amazonaws.com/emuncloud-staticassets/productImages/bb112/large/216-13090.jpg?1.0.81.14177-aca54d382+master+blossombucket+umbraco+prod+cms=no-cache&m=undefined&=im2021-01-27T07:29:35.3070000Z,216-13090.jpg?1.0.81.14177-aca54d382+master+blossombucket+umbraco+prod+cms=no-cache&m=undefined&=im2021-01-27T07:29:35.3070000Z,,,Blossom800,216-13090.jpg?1.0.81.14177-aca54d382+master+blossombucket+umbraco+prod+cms=no-cache&m=undefined&=im2021-01-27T07:29:35.3070000Z
HOW MUCH I'VE PRAYED FOR YOU ANGEL,221-13225,,,,,,,5.5 x 3,,1,99,,,,,1,Blossom400,Blossom160,https://s3.amazonaws.com/emuncloud-staticassets/productImages/bb112/large/221-13225.jpg?1.0.81.14177-aca54d382+master+blossombucket+umbraco+prod+cms=no-cache&m=undefined&=im2021-06-29T09:06:32.0500000Z,221-13225.jpg?1.0.81.14177-aca54d382+master+blossombucket+umbraco+prod+cms=no-cache&m=undefined&=im2021-06-29T09:06:32.0500000Z,,,Blossom800,221-13225.jpg?1.0.81.14177-aca54d382+master+blossombucket+umbraco+prod+cms=no-cache&m=undefined&=im2021-06-29T09:06:32.0500000Z
DECORATIVE FLOOR MAT - OLD CROW ORCHARD APPLES *DSC*,199-MATDS465,,,,,,,x,,1,99,,,,,1,Blossom400,Blossom160,https://s3.amazonaws.com/emuncloud-staticassets/productImages/bb112/large/199-MATDS465.jpg?1.0.81.14177-aca54d382+master+blossombucket+umbraco+prod+cms=no-cache&m=undefined&=im1,199-MATDS465.jpg?1.0.81.14177-aca54d382+master+blossombucket+umbraco+prod+cms=no-cache&m=undefined&=im1,,,Blossom800,199-MATDS465.jpg?1.0.81.14177-aca54d382+master+blossombucket+umbraco+prod+cms=no-cache&m=undefined&=im1
DECORATIVE FLOOR MAT - DS464 - OVER THE MOON *DSC*,199-MATDS464,,,,,,,x,,1,99,,,,,1,Blossom400,Blossom160,https://s3.amazonaws.com/emuncloud-staticassets/productImages/bb112/large/199-MATDS464.jpg?1.0.81.14177-aca54d382+master+blossombucket+umbraco+prod+cms=no-cache&m=undefined&=im1,199-MATDS464.jpg?1.0.81.14177-aca54d382+master+blossombucket+umbraco+prod+cms=no-cache&m=undefined&=im1,,,Blossom800,199-MATDS464.jpg?1.0.81.14177-aca54d382+master+blossombucket+umbraco+prod+cms=no-cache&m=undefined&=im1
DECORATIVE FLOOR MAT - DS467 - WELCOME ON A TOMBSTONE *DSC*,199-MATDS467,,,,,,,x,,1,99,,,,,1,Blossom400,Blossom160,https://s3.amazonaws.com/emuncloud-staticassets/productImages/bb112/large/199-MATDS467.jpg?1.0.81.14177-aca54d382+master+blossombucket+umbraco+prod+cms=no-cache&m=undefined&=im1,199-MATDS467.jpg?1.0.81.14177-aca54d382+master+blossombucket+umbraco+prod+cms=no-cache&m=undefined&=im1,,,Blossom800,199-MATDS467.jpg?1.0.81.14177-aca54d382+master+blossombucket+umbraco+prod+cms=no-cache&m=undefined&=im1
DECORATIVE FLOOR MAT - DS466 - OCEAN VIEW *DSC*,199-MATDS466,,,,,,,x,,1,99,,,,,1,Blossom400,Blossom160,https://s3.amazonaws.com/emuncloud-staticassets/productImages/bb112/large/199-MATDS466.jpg?1.0.81.14177-aca54d382+master+blossombucket+umbraco+prod+cms=no-cache&m=undefined&=im1,199-MATDS466.jpg?1.0.81.14177-aca54d382+master+blossombucket+umbraco+prod+cms=no-cache&m=undefined&=im1,,,Blossom800,199-MATDS466.jpg?1.0.81.14177-aca54d382+master+blossombucket+umbraco+prod+cms=no-cache&m=undefined&=im1
Happy Santa Season Candle In Ceramic Bucket (Twisted Peppermint),218-20209,,,,,,,4.25 x 4,,1,99,,,,,1,Blossom400,Blossom160,https://s3.amazonaws.com/emuncloud-staticassets/productImages/bb112/large/218-20209.jpg?1.0.81.14177-aca54d382+master+blossombucket+umbraco+prod+cms=no-cache&m=undefined&=im2021-08-17T08:27:37.1930000Z,218-20209.jpg?1.0.81.14177-aca54d382+master+blossombucket+umbraco+prod+cms=no-cache&m=undefined&=im2021-08-17T08:27:37.1930000Z,,,Blossom800,218-20209.jpg?1.0.81.14177-aca54d382+master+blossombucket+umbraco+prod+cms=no-cache&m=undefined&=im2021-08-17T08:27:37.1930000Z
SET OF 12 FRIENDS & FAMILY CANDLES (6 EACH DESIGN & FRAGRANCE),221-20236,,,,,,,5 x 3,,1,99,,,,,1,Blossom400,Blossom160,https://s3.amazonaws.com/emuncloud-staticassets/productImages/bb112/large/221-20236.jpg?1.0.81.14177-aca54d382+master+blossombucket+umbraco+prod+cms=no-cache&m=undefined&=im2021-08-17T08:27:44.4600000Z,221-20236.jpg?1.0.81.14177-aca54d382+master+blossombucket+umbraco+prod+cms=no-cache&m=undefined&=im2021-08-17T08:27:44.4600000Z,,,Blossom800,221-20236.jpg?1.0.81.14177-aca54d382+master+blossombucket+umbraco+prod+cms=no-cache&m=undefined&=im2021-08-17T08:27:44.4600000Z
Pack of 24 2022 Relationship Candles,221-20237,,,,,,,3 x 5,,1,99,,,,,1,Blossom400,Blossom160,https://s3.amazonaws.com/emuncloud-staticassets/productImages/bb112/large/221-20237.jpg?1.0.81.14177-aca54d382+master+blossombucket+umbraco+prod+cms=no-cache&m=undefined&=im2021-08-17T08:27:46.0370000Z,221-20237.jpg?1.0.81.14177-aca54d382+master+blossombucket+umbraco+prod+cms=no-cache&m=undefined&=im2021-08-17T08:27:46.0370000Z,,,Blossom800,221-20237.jpg?1.0.81.14177-aca54d382+master+blossombucket+umbraco+prod+cms=no-cache&m=undefined&=im2021-08-17T08:27:46.0370000Z
SET OF 12 FRIENDS & FAMILY CANDLES (6 EACH DESIGN & FRAGRANCE),221-20235,,,,,,,5 x 3,,1,99,,,,,1,Blossom400,Blossom160,https://s3.amazonaws.com/emuncloud-staticassets/productImages/bb112/large/221-20235.jpg?1.0.81.14177-aca54d382+master+blossombucket+umbraco+prod+cms=no-cache&m=undefined&=im2021-08-17T08:27:42.8970000Z,221-20235.jpg?1.0.81.14177-aca54d382+master+blossombucket+umbraco+prod+cms=no-cache&m=undefined&=im2021-08-17T08:27:42.8970000Z,,,Blossom800,221-20235.jpg?1.0.81.14177-aca54d382+master+blossombucket+umbraco+prod+cms=no-cache&m=undefined&=im2021-08-17T08:27:42.8970000Z
TEACHER BEST IN THE WORLD FRAMED SIGN,221-30342,,,,,,,6 x 6,,1,99,,,,,1,Blossom400,Blossom160,https://s3.amazonaws.com/emuncloud-staticassets/productImages/bb112/large/221-30342.jpg?1.0.81.14177-aca54d382+master+blossombucket+umbraco+prod+cms=no-cache&m=undefined&=im2021-06-29T09:08:12.1630000Z,221-30342.jpg?1.0.81.14177-aca54d382+master+blossombucket+umbraco+prod+cms=no-cache&m=undefined&=im2021-06-29T09:08:12.1630000Z,,,Blossom800,221-30342.jpg?1.0.81.14177-aca54d382+master+blossombucket+umbraco+prod+cms=no-cache&m=undefined&=im2021-06-29T09:08:12.1630000Z
SISTER KEEP BEING AWESOME FRAMED SIGN,221-30341,,,,,,,6 x 6,,1,99,,,,,1,Blossom400,Blossom160,https://s3.amazonaws.com/emuncloud-staticassets/productImages/bb112/large/221-30341.jpg?1.0.81.14177-aca54d382+master+blossombucket+umbraco+prod+cms=no-cache&m=undefined&=im2021-06-29T09:08:09.7200000Z,221-30341.jpg?1.0.81.14177-aca54d382+master+blossombucket+umbraco+prod+cms=no-cache&m=undefined&=im2021-06-29T09:08:09.7200000Z,,,Blossom800,221-30341.jpg?1.0.81.14177-aca54d382+master+blossombucket+umbraco+prod+cms=no-cache&m=undefined&=im2021-06-29T09:08:09.7200000Z
NURSE AN ANGEL BY YOUR SIDE FRAMED SIGN,221-30340,,,,,,,6 x 6,,1,99,,,,,1,Blossom400,Blossom160,https://s3.amazonaws.com/emuncloud-staticassets/productImages/bb112/large/221-30340.jpg?1.0.81.14177-aca54d382+master+blossombucket+umbraco+prod+cms=no-cache&m=undefined&=im2021-06-29T09:08:07.5130000Z,221-30340.jpg?1.0.81.14177-aca54d382+master+blossombucket+umbraco+prod+cms=no-cache&m=undefined&=im2021-06-29T09:08:07.5130000Z,,,Blossom800,221-30340.jpg?1.0.81.14177-aca54d382+master+blossombucket+umbraco+prod+cms=no-cache&m=undefined&=im2021-06-29T09:08:07.5130000Z
DECORATIVE FLOOR MAT - COD353 - HAPPY FALL YALL *DSC*,199-MATCOD353,,,,,,,x,,1,99,,,,,1,Blossom400,Blossom160,https://s3.amazonaws.com/emuncloud-staticassets/productImages/bb112/large/199-MATCOD353.jpg?1.0.81.14177-aca54d382+master+blossombucket+umbraco+prod+cms=no-cache&m=undefined&=im1,199-MATCOD353.jpg?1.0.81.14177-aca54d382+master+blossombucket+umbraco+prod+cms=no-cache&m=undefined&=im1,,,Blossom800,199-MATCOD353.jpg?1.0.81.14177-aca54d382+master+blossombucket+umbraco+prod+cms=no-cache&m=undefined&=im1
1 INCH WHITE FLOWERS IN A SMALL DARK GRAY MAISON ET JARDIN POT,221-70265,,,,,,,6 x 3.25,,1,99,,,,,1,Blossom400,Blossom160,https://s3.amazonaws.com/emuncloud-staticassets/productImages/bb112/large/221-70265.jpg?1.0.81.14177-aca54d382+master+blossombucket+umbraco+prod+cms=no-cache&m=undefined&=im2021-06-29T09:08:56.0500000Z,221-70265.jpg?1.0.81.14177-aca54d382+master+blossombucket+umbraco+prod+cms=no-cache&m=undefined&=im2021-06-29T09:08:56.0500000Z,,,Blossom800,221-70265.jpg?1.0.81.14177-aca54d382+master+blossombucket+umbraco+prod+cms=no-cache&m=undefined&=im2021-06-29T09:08:56.0500000Z
SMALL PURPLE SPIKEY FLOWERS IN A SMALL DARK GRAY MAISON ET JARDIN POT,221-70266,,,,,,,6 x 3.25,,1,99,,,,,1,Blossom400,Blossom160,https://s3.amazonaws.com/emuncloud-staticassets/productImages/bb112/large/221-70266.jpg?1.0.81.14177-aca54d382+master+blossombucket+umbraco+prod+cms=no-cache&m=undefined&=im2021-06-29T09:08:57.8030000Z,221-70266.jpg?1.0.81.14177-aca54d382+master+blossombucket+umbraco+prod+cms=no-cache&m=undefined&=im2021-06-29T09:08:57.8030000Z,,,Blossom800,221-70266.jpg?1.0.81.14177-aca54d382+master+blossombucket+umbraco+prod+cms=no-cache&m=undefined&=im2021-06-29T09:08:57.8030000Z
SMALL PINK SPIKEY FLOWERS IN A DARK SMALL DARK GRAY MAISON ET JARDIN POT,221-70267,,,,,,,6 x 3.25,,1,99,,,,,1,Blossom400,Blossom160,https://s3.amazonaws.com/emuncloud-staticassets/productImages/bb112/large/221-70267.jpg?1.0.81.14177-aca54d382+master+blossombucket+umbraco+prod+cms=no-cache&m=undefined&=im2021-06-29T09:08:59.7430000Z,221-70267.jpg?1.0.81.14177-aca54d382+master+blossombucket+umbraco+prod+cms=no-cache&m=undefined&=im2021-06-29T09:08:59.7430000Z,,,Blossom800,221-70267.jpg?1.0.81.14177-aca54d382+master+blossombucket+umbraco+prod+cms=no-cache&m=undefined&=im2021-06-29T09:08:59.7430000Z
YELLOW LARGE PETAL FLOWER IN BURLAP BAG,221-70260,,,,,,,6 x 3.25,,1,99,,,,,1,Blossom400,Blossom160,https://s3.amazonaws.com/emuncloud-staticassets/productImages/bb112/large/221-70260.jpg?1.0.81.14177-aca54d382+master+blossombucket+umbraco+prod+cms=no-cache&m=undefined&=im2021-06-29T09:08:47.0600000Z,221-70260.jpg?1.0.81.14177-aca54d382+master+blossombucket+umbraco+prod+cms=no-cache&m=undefined&=im2021-06-29T09:08:47.0600000Z,,,Blossom800,221-70260.jpg?1.0.81.14177-aca54d382+master+blossombucket+umbraco+prod+cms=no-cache&m=undefined&=im2021-06-29T09:08:47.0600000Z
1 INCH DARK PINK FLOWERS IN A SMALL DARK GRAY MAISON ET JARDIN POT,221-70262,,,,,,,6 x 3.25,,1,99,,,,,1,Blossom400,Blossom160,https://s3.amazonaws.com/emuncloud-staticassets/productImages/bb112/large/221-70262.jpg?1.0.81.14177-aca54d382+master+blossombucket+umbraco+prod+cms=no-cache&m=undefined&=im2021-06-29T09:08:50.7400000Z,221-70262.jpg?1.0.81.14177-aca54d382+master+blossombucket+umbraco+prod+cms=no-cache&m=undefined&=im2021-06-29T09:08:50.7400000Z,,,Blossom800,221-70262.jpg?1.0.81.14177-aca54d382+master+blossombucket+umbraco+prod+cms=no-cache&m=undefined&=im2021-06-29T09:08:50.7400000Z
1 INCH LIGHT PINK FLOWERS IN A SMALL DARK GRAY MAISON ET JARDIN POT,221-70263,,,,,,,6 x 3.25,,1,99,,,,,1,Blossom400,Blossom160,https://s3.amazonaws.com/emuncloud-staticassets/productImages/bb112/large/221-70263.jpg?1.0.81.14177-aca54d382+master+blossombucket+umbraco+prod+cms=no-cache&m=undefined&=im2021-06-29T09:08:52.5030000Z,221-70263.jpg?1.0.81.14177-aca54d382+master+blossombucket+umbraco+prod+cms=no-cache&m=undefined&=im2021-06-29T09:08:52.5030000Z,,,Blossom800,221-70263.jpg?1.0.81.14177-aca54d382+master+blossombucket+umbraco+prod+cms=no-cache&m=undefined&=im2021-06-29T09:08:52.5030000Z
SMALL YELLOW SPIKEY FLOWERS IN A SMALL DARK GRAY MAISON ET JARDIN POT,221-70268,,,,,,,6 x 3.25,,1,99,,,,,1,Blossom400,Blossom160,https://s3.amazonaws.com/emuncloud-staticassets/productImages/bb112/large/221-70268.jpg?1.0.81.14177-aca54d382+master+blossombucket+umbraco+prod+cms=no-cache&m=undefined&=im2021-06-29T09:09:01.7270000Z,221-70268.jpg?1.0.81.14177-aca54d382+master+blossombucket+umbraco+prod+cms=no-cache&m=undefined&=im2021-06-29T09:09:01.7270000Z,,,Blossom800,221-70268.jpg?1.0.81.14177-aca54d382+master+blossombucket+umbraco+prod+cms=no-cache&m=undefined&=im2021-06-29T09:09:01.7270000Z
SMALL WHITE SPIKEY FLOWERS IN A SMALL DARK GRAY MAISON ET JARDIN POT,221-70269,,,,,,,6 x 3.25,,1,99,,,,,1,Blossom400,Blossom160,https://s3.amazonaws.com/emuncloud-staticassets/productImages/bb112/large/221-70269.jpg?1.0.81.14177-aca54d382+master+blossombucket+umbraco+prod+cms=no-cache&m=undefined&=im2021-06-29T09:09:03.4500000Z,221-70269.jpg?1.0.81.14177-aca54d382+master+blossombucket+umbraco+prod+cms=no-cache&m=undefined&=im2021-06-29T09:09:03.4500000Z,,,Blossom800,221-70269.jpg?1.0.81.14177-aca54d382+master+blossombucket+umbraco+prod+cms=no-cache&m=undefined&=im2021-06-29T09:09:03.4500000Z
NURSE HEART PLAQUE,221-13360,,,,,,,3.25 x 3.5,,1,99,,,,,1,Blossom400,Blossom160,https://s3.amazonaws.com/emuncloud-staticassets/productImages/bb112/large/221-13360.jpg?1.0.81.14177-aca54d382+master+blossombucket+umbraco+prod+cms=no-cache&m=undefined&=im2021-06-29T09:07:00.6100000Z,221-13360.jpg?1.0.81.14177-aca54d382+master+blossombucket+umbraco+prod+cms=no-cache&m=undefined&=im2021-06-29T09:07:00.6100000Z,,,Blossom800,221-13360.jpg?1.0.81.14177-aca54d382+master+blossombucket+umbraco+prod+cms=no-cache&m=undefined&=im2021-06-29T09:07:00.6100000Z
LOVING OUR WAY THROUGH LIFE FRAMED SIGN,221-30228,,,,,,,8 x 8,,1,99,,,,,1,Blossom400,Blossom160,https://s3.amazonaws.com/emuncloud-staticassets/productImages/bb112/large/221-30228.jpg?1.0.81.14177-aca54d382+master+blossombucket+umbraco+prod+cms=no-cache&m=undefined&=im2021-06-29T09:07:30.3070000Z,221-30228.jpg?1.0.81.14177-aca54d382+master+blossombucket+umbraco+prod+cms=no-cache&m=undefined&=im2021-06-29T09:07:30.3070000Z,,,Blossom800,221-30228.jpg?1.0.81.14177-aca54d382+master+blossombucket+umbraco+prod+cms=no-cache&m=undefined&=im2021-06-29T09:07:30.3070000Z
YOU'VE BEEN BLESSED WITH LIFE FRAMED SIGN,221-30229,,,,,,,8 x 8,,1,99,,,,,1,Blossom400,Blossom160,https://s3.amazonaws.com/emuncloud-staticassets/productImages/bb112/large/221-30229.jpg?1.0.81.14177-aca54d382+master+blossombucket+umbraco+prod+cms=no-cache&m=undefined&=im2021-06-29T09:07:33.2770000Z,221-30229.jpg?1.0.81.14177-aca54d382+master+blossombucket+umbraco+prod+cms=no-cache&m=undefined&=im2021-06-29T09:07:33.2770000Z,,,Blossom800,221-30229.jpg?1.0.81.14177-aca54d382+master+blossombucket+umbraco+prod+cms=no-cache&m=undefined&=im2021-06-29T09:07:33.2770000Z
YOUR BEST WILL ALWAYS BE GOOD ENOUGH FRAMED SIGN,221-30224,,,,,,,9.5 x 8,,1,99,,,,,1,Blossom400,Blossom160,https://s3.amazonaws.com/emuncloud-staticassets/productImages/bb112/large/221-30224.jpg?1.0.81.14177-aca54d382+master+blossombucket+umbraco+prod+cms=no-cache&m=undefined&=im2021-06-29T09:07:21.5800000Z,221-30224.jpg?1.0.81.14177-aca54d382+master+blossombucket+umbraco+prod+cms=no-cache&m=undefined&=im2021-06-29T09:07:21.5800000Z,,,Blossom800,221-30224.jpg?1.0.81.14177-aca54d382+master+blossombucket+umbraco+prod+cms=no-cache&m=undefined&=im2021-06-29T09:07:21.5800000Z
THE LITTLE THINGS? FRAMED SIGN,221-30225,,,,,,,6 x 11.75,,1,99,,,,,1,Blossom400,Blossom160,https://s3.amazonaws.com/emuncloud-staticassets/productImages/bb112/large/221-30225.jpg?1.0.81.14177-aca54d382+master+blossombucket+umbraco+prod+cms=no-cache&m=undefined&=im2021-06-29T09:07:24.7330000Z,221-30225.jpg?1.0.81.14177-aca54d382+master+blossombucket+umbraco+prod+cms=no-cache&m=undefined&=im2021-06-29T09:07:24.7330000Z,,,Blossom800,221-30225.jpg?1.0.81.14177-aca54d382+master+blossombucket+umbraco+prod+cms=no-cache&m=undefined&=im2021-06-29T09:07:24.7330000Z
HAPPINESS IS SEEING YOUR KIDS HAPPY FRAMED SIGN,221-30226,,,,,,,6 x 11.75,,1,99,,,,,1,Blossom400,Blossom160,https://s3.amazonaws.com/emuncloud-staticassets/productImages/bb112/large/221-30226.jpg?1.0.81.14177-aca54d382+master+blossombucket+umbraco+prod+cms=no-cache&m=undefined&=im2021-06-29T09:07:27.5170000Z,221-30226.jpg?1.0.81.14177-aca54d382+master+blossombucket+umbraco+prod+cms=no-cache&m=undefined&=im2021-06-29T09:07:27.5170000Z,,,Blossom800,221-30226.jpg?1.0.81.14177-aca54d382+master+blossombucket+umbraco+prod+cms=no-cache&m=undefined&=im2021-06-29T09:07:27.5170000Z
FRIENDS THAT BECAME FAMILY FRAMED SIGN,221-30220,,,,,,,8 x 8,,1,99,,,,,1,Blossom400,Blossom160,https://s3.amazonaws.com/emuncloud-staticassets/productImages/bb112/large/221-30220.jpg?1.0.81.14177-aca54d382+master+blossombucket+umbraco+prod+cms=no-cache&m=undefined&=im2021-06-29T09:07:18.7470000Z,221-30220.jpg?1.0.81.14177-aca54d382+master+blossombucket+umbraco+prod+cms=no-cache&m=undefined&=im2021-06-29T09:07:18.7470000Z,,,Blossom800,221-30220.jpg?1.0.81.14177-aca54d382+master+blossombucket+umbraco+prod+cms=no-cache&m=undefined&=im2021-06-29T09:07:18.7470000Z
SET OF 2 BASKETS WITH WOODEN HANDLES,221-70288,,,,,,,5.5 x 20.5,,1,99,,,,,1,Blossom400,Blossom160,https://s3.amazonaws.com/emuncloud-staticassets/productImages/bb112/large/221-70288.jpg?1.0.81.14177-aca54d382+master+blossombucket+umbraco+prod+cms=no-cache&m=undefined&=im2021-06-29T09:09:15.2430000Z,221-70288.jpg?1.0.81.14177-aca54d382+master+blossombucket+umbraco+prod+cms=no-cache&m=undefined&=im2021-06-29T09:09:15.2430000Z,,,Blossom800,221-70288.jpg?1.0.81.14177-aca54d382+master+blossombucket+umbraco+prod+cms=no-cache&m=undefined&=im2021-06-29T09:09:15.2430000Z
BASKET WITH WOODEN HANDLE,221-70289,,,,,,,9.5 x 9.25,,1,99,,,,,1,Blossom400,Blossom160,https://s3.amazonaws.com/emuncloud-staticassets/productImages/bb112/large/221-70289.jpg?1.0.81.14177-aca54d382+master+blossombucket+umbraco+prod+cms=no-cache&m=undefined&=im2021-06-29T09:09:17.5170000Z,221-70289.jpg?1.0.81.14177-aca54d382+master+blossombucket+umbraco+prod+cms=no-cache&m=undefined&=im2021-06-29T09:09:17.5170000Z,,,Blossom800,221-70289.jpg?1.0.81.14177-aca54d382+master+blossombucket+umbraco+prod+cms=no-cache&m=undefined&=im2021-06-29T09:09:17.5170000Z
RUST COLORED FLOWERS IN A SQUARE BURLAP BAG,221-70282,,,,,,,8 x 3,,1,99,,,,,1,Blossom400,Blossom160,https://s3.amazonaws.com/emuncloud-staticassets/productImages/bb112/large/221-70282.jpg?1.0.81.14177-aca54d382+master+blossombucket+umbraco+prod+cms=no-cache&m=undefined&=im2021-06-29T09:09:11.1400000Z,221-70282.jpg?1.0.81.14177-aca54d382+master+blossombucket+umbraco+prod+cms=no-cache&m=undefined&=im2021-06-29T09:09:11.1400000Z,,,Blossom800,221-70282.jpg?1.0.81.14177-aca54d382+master+blossombucket+umbraco+prod+cms=no-cache&m=undefined&=im2021-06-29T09:09:11.1400000Z
PURPLE FLOWERS IN A SQUARE BURLAP BAG,221-70281,,,,,,,8 x 3,,1,99,,,,,1,Blossom400,Blossom160,https://s3.amazonaws.com/emuncloud-staticassets/productImages/bb112/large/221-70281.jpg?1.0.81.14177-aca54d382+master+blossombucket+umbraco+prod+cms=no-cache&m=undefined&=im2021-06-29T09:09:09.1830000Z,221-70281.jpg?1.0.81.14177-aca54d382+master+blossombucket+umbraco+prod+cms=no-cache&m=undefined&=im2021-06-29T09:09:09.1830000Z,,,Blossom800,221-70281.jpg?1.0.81.14177-aca54d382+master+blossombucket+umbraco+prod+cms=no-cache&m=undefined&=im2021-06-29T09:09:09.1830000Z
WHITE JUG,221-70287,,,,,,,9 x 6.25,,1,99,,,,,1,Blossom400,Blossom160,https://s3.amazonaws.com/emuncloud-staticassets/productImages/bb112/large/221-70287.jpg?1.0.81.14177-aca54d382+master+blossombucket+umbraco+prod+cms=no-cache&m=undefined&=im2021-06-29T09:09:13.0800000Z,221-70287.jpg?1.0.81.14177-aca54d382+master+blossombucket+umbraco+prod+cms=no-cache&m=undefined&=im2021-06-29T09:09:13.0800000Z,,,Blossom800,221-70287.jpg?1.0.81.14177-aca54d382+master+blossombucket+umbraco+prod+cms=no-cache&m=undefined&=im2021-06-29T09:09:13.0800000Z
DECORATIVE FLOOR MAT - MERRY CHRISTMAS POINSETTIAS *DSC*,199-MATAS103,,,,,,,x,,1,99,,,,,1,Blossom400,Blossom160,https://s3.amazonaws.com/emuncloud-staticassets/productImages/bb112/large/199-MATAS103.jpg?1.0.81.14177-aca54d382+master+blossombucket+umbraco+prod+cms=no-cache&m=undefined&=im1,199-MATAS103.jpg?1.0.81.14177-aca54d382+master+blossombucket+umbraco+prod+cms=no-cache&m=undefined&=im1,,,Blossom800,199-MATAS103.jpg?1.0.81.14177-aca54d382+master+blossombucket+umbraco+prod+cms=no-cache&m=undefined&=im1
DECORATIVE FLOOR MAT - JB18 - SLEEPY HOLLOW *DSC*,199-MATJB18,,,,,,,x,,1,99,,,,,1,Blossom400,Blossom160,https://s3.amazonaws.com/emuncloud-staticassets/productImages/bb112/large/199-MATJB18.jpg?1.0.81.14177-aca54d382+master+blossombucket+umbraco+prod+cms=no-cache&m=undefined&=im1,199-MATJB18.jpg?1.0.81.14177-aca54d382+master+blossombucket+umbraco+prod+cms=no-cache&m=undefined&=im1,,,Blossom800,199-MATJB18.jpg?1.0.81.14177-aca54d382+master+blossombucket+umbraco+prod+cms=no-cache&m=undefined&=im1
DECORATIVE FLOOR MAT - AS104 - HAPPY HOLIDAYS *DSC*,199-MATAS104,,,,,,,x,,1,99,,,,,1,Blossom400,Blossom160,https://s3.amazonaws.com/emuncloud-staticassets/productImages/bb112/large/199-MATAS104.jpg?1.0.81.14177-aca54d382+master+blossombucket+umbraco+prod+cms=no-cache&m=undefined&=im1,199-MATAS104.jpg?1.0.81.14177-aca54d382+master+blossombucket+umbraco+prod+cms=no-cache&m=undefined&=im1,,,Blossom800,199-MATAS104.jpg?1.0.81.14177-aca54d382+master+blossombucket+umbraco+prod+cms=no-cache&m=undefined&=im1
"Yes, I'M Spoiled Dog With Bones",2166-13328,,,,,,,3.5 x 3.5,,1,99,,,,,1,Blossom400,Blossom160,https://s3.amazonaws.com/emuncloud-staticassets/productImages/bb112/large/2166-13328.jpg?1.0.81.14177-aca54d382+master+blossombucket+umbraco+prod+cms=no-cache&m=undefined&=im2021-01-27T07:30:47.8830000Z,2166-13328.jpg?1.0.81.14177-aca54d382+master+blossombucket+umbraco+prod+cms=no-cache&m=undefined&=im2021-01-27T07:30:47.8830000Z,,,Blossom800,2166-13328.jpg?1.0.81.14177-aca54d382+master+blossombucket+umbraco+prod+cms=no-cache&m=undefined&=im2021-01-27T07:30:47.8830000Z
SISTER HEART PLAQUE,221-13357,,,,,,,3.25 x 3.5,,1,99,,,,,1,Blossom400,Blossom160,https://s3.amazonaws.com/emuncloud-staticassets/productImages/bb112/large/221-13357.jpg?1.0.81.14177-aca54d382+master+blossombucket+umbraco+prod+cms=no-cache&m=undefined&=im2021-06-29T09:06:56.7170000Z,221-13357.jpg?1.0.81.14177-aca54d382+master+blossombucket+umbraco+prod+cms=no-cache&m=undefined&=im2021-06-29T09:06:56.7170000Z,,,Blossom800,221-13357.jpg?1.0.81.14177-aca54d382+master+blossombucket+umbraco+prod+cms=no-cache&m=undefined&=im2021-06-29T09:06:56.7170000Z
AUNT HEART PLAQUE,221-13356,,,,,,,3.25 x 3.5,,1,99,,,,,1,Blossom400,Blossom160,https://s3.amazonaws.com/emuncloud-staticassets/productImages/bb112/large/221-13356.jpg?1.0.81.14177-aca54d382+master+blossombucket+umbraco+prod+cms=no-cache&m=undefined&=im2021-06-29T09:06:55.3630000Z,221-13356.jpg?1.0.81.14177-aca54d382+master+blossombucket+umbraco+prod+cms=no-cache&m=undefined&=im2021-06-29T09:06:55.3630000Z,,,Blossom800,221-13356.jpg?1.0.81.14177-aca54d382+master+blossombucket+umbraco+prod+cms=no-cache&m=undefined&=im2021-06-29T09:06:55.3630000Z
NANA HEART PLAQUE,221-13355,,,,,,,3.25 x 3.5,,1,99,,,,,1,Blossom400,Blossom160,https://s3.amazonaws.com/emuncloud-staticassets/productImages/bb112/large/221-13355.jpg?1.0.81.14177-aca54d382+master+blossombucket+umbraco+prod+cms=no-cache&m=undefined&=im2021-06-29T09:06:54.0630000Z,221-13355.jpg?1.0.81.14177-aca54d382+master+blossombucket+umbraco+prod+cms=no-cache&m=undefined&=im2021-06-29T09:06:54.0630000Z,,,Blossom800,221-13355.jpg?1.0.81.14177-aca54d382+master+blossombucket+umbraco+prod+cms=no-cache&m=undefined&=im2021-06-29T09:06:54.0630000Z
MOM HEART PLAQUE,221-13354,,,,,,,3.25 x 3.5,,1,99,,,,,1,Blossom400,Blossom160,https://s3.amazonaws.com/emuncloud-staticassets/productImages/bb112/large/221-13354.jpg?1.0.81.14177-aca54d382+master+blossombucket+umbraco+prod+cms=no-cache&m=undefined&=im2021-06-29T09:06:52.7970000Z,221-13354.jpg?1.0.81.14177-aca54d382+master+blossombucket+umbraco+prod+cms=no-cache&m=undefined&=im2021-06-29T09:06:52.7970000Z,,,Blossom800,221-13354.jpg?1.0.81.14177-aca54d382+master+blossombucket+umbraco+prod+cms=no-cache&m=undefined&=im2021-06-29T09:06:52.7970000Z
TEACHER HEART PLAQUE,221-13359,,,,,,,3.25 x 3.5,,1,99,,,,,1,Blossom400,Blossom160,https://s3.amazonaws.com/emuncloud-staticassets/productImages/bb112/large/221-13359.jpg?1.0.81.14177-aca54d382+master+blossombucket+umbraco+prod+cms=no-cache&m=undefined&=im2021-06-29T09:06:59.2770000Z,221-13359.jpg?1.0.81.14177-aca54d382+master+blossombucket+umbraco+prod+cms=no-cache&m=undefined&=im2021-06-29T09:06:59.2770000Z,,,Blossom800,221-13359.jpg?1.0.81.14177-aca54d382+master+blossombucket+umbraco+prod+cms=no-cache&m=undefined&=im2021-06-29T09:06:59.2770000Z
DAUGHTER HEART PLAQUE,221-13358,,,,,,,3.25 x 3.5,,1,99,,,,,1,Blossom400,Blossom160,https://s3.amazonaws.com/emuncloud-staticassets/productImages/bb112/large/221-13358.jpg?1.0.81.14177-aca54d382+master+blossombucket+umbraco+prod+cms=no-cache&m=undefined&=im2021-06-29T09:06:57.9870000Z,221-13358.jpg?1.0.81.14177-aca54d382+master+blossombucket+umbraco+prod+cms=no-cache&m=undefined&=im2021-06-29T09:06:57.9870000Z,,,Blossom800,221-13358.jpg?1.0.81.14177-aca54d382+master+blossombucket+umbraco+prod+cms=no-cache&m=undefined&=im2021-06-29T09:06:57.9870000Z
"""Forever"" Amish Couple",221-13300,,,,,,,3.75 x 2.25,,1,99,,,,,1,Blossom400,Blossom160,https://s3.amazonaws.com/emuncloud-staticassets/productImages/bb112/large/221-13300.jpg?1.0.81.14177-aca54d382+master+blossombucket+umbraco+prod+cms=no-cache&m=undefined&=im2021-10-21T13:32:05.7430000Z,221-13300.jpg?1.0.81.14177-aca54d382+master+blossombucket+umbraco+prod+cms=no-cache&m=undefined&=im2021-10-21T13:32:05.7430000Z,,,Blossom800,221-13300.jpg?1.0.81.14177-aca54d382+master+blossombucket+umbraco+prod+cms=no-cache&m=undefined&=im2021-10-21T13:32:05.7430000Z
There's Always Hope Framed Sign,2166-30299,,,,,,,1 x 7.75,,1,99,,,,,1,Blossom400,Blossom160,https://s3.amazonaws.com/emuncloud-staticassets/productImages/bb112/large/2166-30299.jpg?1.0.81.14177-aca54d382+master+blossombucket+umbraco+prod+cms=no-cache&m=undefined&=im2021-01-27T07:31:08.8830000Z,2166-30299.jpg?1.0.81.14177-aca54d382+master+blossombucket+umbraco+prod+cms=no-cache&m=undefined&=im2021-01-27T07:31:08.8830000Z,,,Blossom800,2166-30299.jpg?1.0.81.14177-aca54d382+master+blossombucket+umbraco+prod+cms=no-cache&m=undefined&=im2021-01-27T07:31:08.8830000Z
Amish Girl with Flowers and a Cat,221-13304,,,,,,,3.5 x 2,,1,99,,,,,1,Blossom400,Blossom160,https://s3.amazonaws.com/emuncloud-staticassets/productImages/bb112/large/221-13304.jpg?1.0.81.14177-aca54d382+master+blossombucket+umbraco+prod+cms=no-cache&m=undefined&=im2021-10-21T13:32:11.6570000Z,221-13304.jpg?1.0.81.14177-aca54d382+master+blossombucket+umbraco+prod+cms=no-cache&m=undefined&=im2021-10-21T13:32:11.6570000Z,,,Blossom800,221-13304.jpg?1.0.81.14177-aca54d382+master+blossombucket+umbraco+prod+cms=no-cache&m=undefined&=im2021-10-21T13:32:11.6570000Z
Amish Mother and Daughter with Flowers,221-13305,,,,,,,3.5 x 2.25,,1,99,,,,,1,Blossom400,Blossom160,https://s3.amazonaws.com/emuncloud-staticassets/productImages/bb112/large/221-13305.jpg?1.0.81.14177-aca54d382+master+blossombucket+umbraco+prod+cms=no-cache&m=undefined&=im2021-10-21T13:32:12.7830000Z,221-13305.jpg?1.0.81.14177-aca54d382+master+blossombucket+umbraco+prod+cms=no-cache&m=undefined&=im2021-10-21T13:32:12.7830000Z,,,Blossom800,221-13305.jpg?1.0.81.14177-aca54d382+master+blossombucket+umbraco+prod+cms=no-cache&m=undefined&=im2021-10-21T13:32:12.7830000Z
SHORT BUNNY WITH PINK FLOWER ON NECK CUT OUT,221-30417,,,,,,,7.75 x 7.75,,1,99,,,,,1,Blossom400,Blossom160,https://s3.amazonaws.com/emuncloud-staticassets/productImages/bb112/large/221-30417.jpg?1.0.81.14177-aca54d382+master+blossombucket+umbraco+prod+cms=no-cache&m=undefined&=im2021-06-29T09:08:30.9530000Z,221-30417.jpg?1.0.81.14177-aca54d382+master+blossombucket+umbraco+prod+cms=no-cache&m=undefined&=im2021-06-29T09:08:30.9530000Z,,,Blossom800,221-30417.jpg?1.0.81.14177-aca54d382+master+blossombucket+umbraco+prod+cms=no-cache&m=undefined&=im2021-06-29T09:08:30.9530000Z
SPRING BLESSINGS CUT OUT TRUCK,221-30413,,,,,,,8.25 x 6.25,,1,99,,,,,1,Blossom400,Blossom160,https://s3.amazonaws.com/emuncloud-staticassets/productImages/bb112/large/221-30413.jpg?1.0.81.14177-aca54d382+master+blossombucket+umbraco+prod+cms=no-cache&m=undefined&=im2021-06-29T09:08:26.0900000Z,221-30413.jpg?1.0.81.14177-aca54d382+master+blossombucket+umbraco+prod+cms=no-cache&m=undefined&=im2021-06-29T09:08:26.0900000Z,,,Blossom800,221-30413.jpg?1.0.81.14177-aca54d382+master+blossombucket+umbraco+prod+cms=no-cache&m=undefined&=im2021-06-29T09:08:26.0900000Z
HAVE FAITH ANGEL,221-13227,,,,,,,5.5 x 3,,1,99,,,,,1,Blossom400,Blossom160,https://s3.amazonaws.com/emuncloud-staticassets/productImages/bb112/large/221-13227.jpg?1.0.81.14177-aca54d382+master+blossombucket+umbraco+prod+cms=no-cache&m=undefined&=im2021-06-29T09:06:34.7300000Z,221-13227.jpg?1.0.81.14177-aca54d382+master+blossombucket+umbraco+prod+cms=no-cache&m=undefined&=im2021-06-29T09:06:34.7300000Z,,,Blossom800,221-13227.jpg?1.0.81.14177-aca54d382+master+blossombucket+umbraco+prod+cms=no-cache&m=undefined&=im2021-06-29T09:06:34.7300000Z
BELIEVE ANGEL,221-13226,,,,,,,5.5 x 3,,1,99,,,,,1,Blossom400,Blossom160,https://s3.amazonaws.com/emuncloud-staticassets/productImages/bb112/large/221-13226.jpg?1.0.81.14177-aca54d382+master+blossombucket+umbraco+prod+cms=no-cache&m=undefined&=im2021-06-29T09:06:33.4070000Z,221-13226.jpg?1.0.81.14177-aca54d382+master+blossombucket+umbraco+prod+cms=no-cache&m=undefined&=im2021-06-29T09:06:33.4070000Z,,,Blossom800,221-13226.jpg?1.0.81.14177-aca54d382+master+blossombucket+umbraco+prod+cms=no-cache&m=undefined&=im2021-06-29T09:06:33.4070000Z
YOU MAKE TODAY BETTER ANGEL,221-13224,,,,,,,5.5 x 3,,1,99,,,,,1,Blossom400,Blossom160,https://s3.amazonaws.com/emuncloud-staticassets/productImages/bb112/large/221-13224.jpg?1.0.81.14177-aca54d382+master+blossombucket+umbraco+prod+cms=no-cache&m=undefined&=im2021-06-29T09:06:30.3570000Z,221-13224.jpg?1.0.81.14177-aca54d382+master+blossombucket+umbraco+prod+cms=no-cache&m=undefined&=im2021-06-29T09:06:30.3570000Z,,,Blossom800,221-13224.jpg?1.0.81.14177-aca54d382+master+blossombucket+umbraco+prod+cms=no-cache&m=undefined&=im2021-06-29T09:06:30.3570000Z
LOVED GREATLY ANGEL,221-13229,,,,,,,5.5 x 3,,1,99,,,,,1,Blossom400,Blossom160,https://s3.amazonaws.com/emuncloud-staticassets/productImages/bb112/large/221-13229.jpg?1.0.81.14177-aca54d382+master+blossombucket+umbraco+prod+cms=no-cache&m=undefined&=im2021-06-29T09:06:37.3970000Z,221-13229.jpg?1.0.81.14177-aca54d382+master+blossombucket+umbraco+prod+cms=no-cache&m=undefined&=im2021-06-29T09:06:37.3970000Z,,,Blossom800,221-13229.jpg?1.0.81.14177-aca54d382+master+blossombucket+umbraco+prod+cms=no-cache&m=undefined&=im2021-06-29T09:06:37.3970000Z
HIDDEN BLESSINGS ANGEL,221-13228,,,,,,,5.5 x 3,,1,99,,,,,1,Blossom400,Blossom160,https://s3.amazonaws.com/emuncloud-staticassets/productImages/bb112/large/221-13228.jpg?1.0.81.14177-aca54d382+master+blossombucket+umbraco+prod+cms=no-cache&m=undefined&=im2021-06-29T09:06:36.0830000Z,221-13228.jpg?1.0.81.14177-aca54d382+master+blossombucket+umbraco+prod+cms=no-cache&m=undefined&=im2021-06-29T09:06:36.0830000Z,,,Blossom800,221-13228.jpg?1.0.81.14177-aca54d382+master+blossombucket+umbraco+prod+cms=no-cache&m=undefined&=im2021-06-29T09:06:36.0830000Z
YOU ARE A REAL LIFE ANGEL NURSE ANGEL,221-13353,,,,,,,5 x 2,,1,99,,,,,1,Blossom400,Blossom160,https://s3.amazonaws.com/emuncloud-staticassets/productImages/bb112/large/221-13353.jpg?1.0.81.14177-aca54d382+master+blossombucket+umbraco+prod+cms=no-cache&m=undefined&=im2021-06-29T09:06:51.4100000Z,221-13353.jpg?1.0.81.14177-aca54d382+master+blossombucket+umbraco+prod+cms=no-cache&m=undefined&=im2021-06-29T09:06:51.4100000Z,,,Blossom800,221-13353.jpg?1.0.81.14177-aca54d382+master+blossombucket+umbraco+prod+cms=no-cache&m=undefined&=im2021-06-29T09:06:51.4100000Z
WHITE LARGE PETAL FLOWER IN BURLAP BAG,221-70259,,,,,,,6 x 3.25,,1,99,,,,,1,Blossom400,Blossom160,https://s3.amazonaws.com/emuncloud-staticassets/productImages/bb112/large/221-70259.jpg?1.0.81.14177-aca54d382+master+blossombucket+umbraco+prod+cms=no-cache&m=undefined&=im2021-06-29T09:08:45.3030000Z,221-70259.jpg?1.0.81.14177-aca54d382+master+blossombucket+umbraco+prod+cms=no-cache&m=undefined&=im2021-06-29T09:08:45.3030000Z,,,Blossom800,221-70259.jpg?1.0.81.14177-aca54d382+master+blossombucket+umbraco+prod+cms=no-cache&m=undefined&=im2021-06-29T09:08:45.3030000Z
PINK LARGE PETAL FLOWER IN BURLAP BAG,221-70258,,,,,,,6 x 3.25,,1,99,,,,,1,Blossom400,Blossom160,https://s3.amazonaws.com/emuncloud-staticassets/productImages/bb112/large/221-70258.jpg?1.0.81.14177-aca54d382+master+blossombucket+umbraco+prod+cms=no-cache&m=undefined&=im2021-06-29T09:08:43.5330000Z,221-70258.jpg?1.0.81.14177-aca54d382+master+blossombucket+umbraco+prod+cms=no-cache&m=undefined&=im2021-06-29T09:08:43.5330000Z,,,Blossom800,221-70258.jpg?1.0.81.14177-aca54d382+master+blossombucket+umbraco+prod+cms=no-cache&m=undefined&=im2021-06-29T09:08:43.5330000Z
LIGHT PINK NO PETAL FLOWER IN BURLAP BAG,221-70255,,,,,,,6 x 3.25,,1,99,,,,,1,Blossom400,Blossom160,https://s3.amazonaws.com/emuncloud-staticassets/productImages/bb112/large/221-70255.jpg?1.0.81.14177-aca54d382+master+blossombucket+umbraco+prod+cms=no-cache&m=undefined&=im2021-06-29T09:08:37.7970000Z,221-70255.jpg?1.0.81.14177-aca54d382+master+blossombucket+umbraco+prod+cms=no-cache&m=undefined&=im2021-06-29T09:08:37.7970000Z,,,Blossom800,221-70255.jpg?1.0.81.14177-aca54d382+master+blossombucket+umbraco+prod+cms=no-cache&m=undefined&=im2021-06-29T09:08:37.7970000Z
DARK PINK NO PETAL FLOWER IN BURLAP BAG,221-70254,,,,,,,6 x 3.25,,1,99,,,,,1,Blossom400,Blossom160,https://s3.amazonaws.com/emuncloud-staticassets/productImages/bb112/large/221-70254.jpg?1.0.81.14177-aca54d382+master+blossombucket+umbraco+prod+cms=no-cache&m=undefined&=im2021-06-29T09:08:35.9070000Z,221-70254.jpg?1.0.81.14177-aca54d382+master+blossombucket+umbraco+prod+cms=no-cache&m=undefined&=im2021-06-29T09:08:35.9070000Z,,,Blossom800,221-70254.jpg?1.0.81.14177-aca54d382+master+blossombucket+umbraco+prod+cms=no-cache&m=undefined&=im2021-06-29T09:08:35.9070000Z
PURPLE NO PETAL FLOWER IN BURLAP BAG,221-70256,,,,,,,6 x 3.25,,1,99,,,,,1,Blossom400,Blossom160,https://s3.amazonaws.com/emuncloud-staticassets/productImages/bb112/large/221-70256.jpg?1.0.81.14177-aca54d382+master+blossombucket+umbraco+prod+cms=no-cache&m=undefined&=im2021-06-29T09:08:39.7570000Z,221-70256.jpg?1.0.81.14177-aca54d382+master+blossombucket+umbraco+prod+cms=no-cache&m=undefined&=im2021-06-29T09:08:39.7570000Z,,,Blossom800,221-70256.jpg?1.0.81.14177-aca54d382+master+blossombucket+umbraco+prod+cms=no-cache&m=undefined&=im2021-06-29T09:08:39.7570000Z
YOU MAKE THE WORLD A BETTER PLACE TEACHER ANGEL,221-13351,,,,,,,5 x 2,,1,99,,,,,1,Blossom400,Blossom160,https://s3.amazonaws.com/emuncloud-staticassets/productImages/bb112/large/221-13351.jpg?1.0.81.14177-aca54d382+master+blossombucket+umbraco+prod+cms=no-cache&m=undefined&=im2021-06-29T09:06:48.8970000Z,221-13351.jpg?1.0.81.14177-aca54d382+master+blossombucket+umbraco+prod+cms=no-cache&m=undefined&=im2021-06-29T09:06:48.8970000Z,,,Blossom800,221-13351.jpg?1.0.81.14177-aca54d382+master+blossombucket+umbraco+prod+cms=no-cache&m=undefined&=im2021-06-29T09:06:48.8970000Z
YOU ALWAYS UNDERSTAND AUNT ANGEL,221-13350,,,,,,,5 x 2,,1,99,,,,,1,Blossom400,Blossom160,https://s3.amazonaws.com/emuncloud-staticassets/productImages/bb112/large/221-13350.jpg?1.0.81.14177-aca54d382+master+blossombucket+umbraco+prod+cms=no-cache&m=undefined&=im2021-06-29T09:06:47.6070000Z,221-13350.jpg?1.0.81.14177-aca54d382+master+blossombucket+umbraco+prod+cms=no-cache&m=undefined&=im2021-06-29T09:06:47.6070000Z,,,Blossom800,221-13350.jpg?1.0.81.14177-aca54d382+master+blossombucket+umbraco+prod+cms=no-cache&m=undefined&=im2021-06-29T09:06:47.6070000Z
MAT TRAY - SCROLL BORDER: MIN QTY - 1,199-MTSB,,,,,,,x,,1,99,,,,,1,Blossom400,Blossom160,https://s3.amazonaws.com/emuncloud-staticassets/productImages/bb112/large/199-MTSB.jpg?1.0.81.14177-aca54d382+master+blossombucket+umbraco+prod+cms=no-cache&m=undefined&=im1,199-MTSB.jpg?1.0.81.14177-aca54d382+master+blossombucket+umbraco+prod+cms=no-cache&m=undefined&=im1,,,Blossom800,199-MTSB.jpg?1.0.81.14177-aca54d382+master+blossombucket+umbraco+prod+cms=no-cache&m=undefined&=im1
Buffalo Plaid Believe Candle In Ceramic Bucket (Twisted Peppermint),218-20211,,,,,,,4.25 x 4,,1,99,,,,,1,Blossom400,Blossom160,https://s3.amazonaws.com/emuncloud-staticassets/productImages/bb112/large/218-20211.jpg?1.0.81.14177-aca54d382+master+blossombucket+umbraco+prod+cms=no-cache&m=undefined&=im2021-08-17T08:27:40.1000000Z,218-20211.jpg?1.0.81.14177-aca54d382+master+blossombucket+umbraco+prod+cms=no-cache&m=undefined&=im2021-08-17T08:27:40.1000000Z,,,Blossom800,218-20211.jpg?1.0.81.14177-aca54d382+master+blossombucket+umbraco+prod+cms=no-cache&m=undefined&=im2021-08-17T08:27:40.1000000Z
DECORATIVE FLOOR MAT - DS412 - A COUNTRY WELCOME *DSC*,199-MATDS412,,,,,,,x,,1,99,,,,,1,Blossom400,Blossom160,https://s3.amazonaws.com/emuncloud-staticassets/productImages/bb112/large/199-MATDS412.jpg?1.0.81.14177-aca54d382+master+blossombucket+umbraco+prod+cms=no-cache&m=undefined&=im1,199-MATDS412.jpg?1.0.81.14177-aca54d382+master+blossombucket+umbraco+prod+cms=no-cache&m=undefined&=im1,,,Blossom800,199-MATDS412.jpg?1.0.81.14177-aca54d382+master+blossombucket+umbraco+prod+cms=no-cache&m=undefined&=im1
Boo With Ghosts,206-12560,,,,,,,2.75 x 6.5,,1,99,,,,,1,Blossom400,Blossom160,https://s3.amazonaws.com/emuncloud-staticassets/productImages/bb112/large/206-12560.jpg?1.0.81.14177-aca54d382+master+blossombucket+umbraco+prod+cms=no-cache&m=undefined&=im2020-01-07T10:45:40.4300000Z,206-12560.jpg?1.0.81.14177-aca54d382+master+blossombucket+umbraco+prod+cms=no-cache&m=undefined&=im2020-01-07T10:45:40.4300000Z,,,Blossom800,206-12560.jpg?1.0.81.14177-aca54d382+master+blossombucket+umbraco+prod+cms=no-cache&m=undefined&=im2020-01-07T10:45:40.4300000Z
STAY KIND FRAMED SIGN,221-30217,,,,,,,4 x 4,,1,99,,,,,1,Blossom400,Blossom160,https://s3.amazonaws.com/emuncloud-staticassets/productImages/bb112/large/221-30217.jpg?1.0.81.14177-aca54d382+master+blossombucket+umbraco+prod+cms=no-cache&m=undefined&=im2021-06-29T09:07:17.1430000Z,221-30217.jpg?1.0.81.14177-aca54d382+master+blossombucket+umbraco+prod+cms=no-cache&m=undefined&=im2021-06-29T09:07:17.1430000Z,,,Blossom800,221-30217.jpg?1.0.81.14177-aca54d382+master+blossombucket+umbraco+prod+cms=no-cache&m=undefined&=im2021-06-29T09:07:17.1430000Z
DECORATIVE FLOOR MAT - PUMPKIN FARM - DS489 *DSC*,199-MATDS489,,,,,,,x,,1,99,,,,,1,Blossom400,Blossom160,https://s3.amazonaws.com/emuncloud-staticassets/productImages/bb112/large/199-MATDS489.jpg?1.0.81.14177-aca54d382+master+blossombucket+umbraco+prod+cms=no-cache&m=undefined&=im1,199-MATDS489.jpg?1.0.81.14177-aca54d382+master+blossombucket+umbraco+prod+cms=no-cache&m=undefined&=im1,,,Blossom800,199-MATDS489.jpg?1.0.81.14177-aca54d382+master+blossombucket+umbraco+prod+cms=no-cache&m=undefined&=im1
Less Is More Mason Jar Hanging Sign,1966-39029,,,,,,,9.5 x 8,,1,99,,,,,1,Blossom400,Blossom160,https://s3.amazonaws.com/emuncloud-staticassets/productImages/bb112/large/1966-39029.jpg?1.0.81.14177-aca54d382+master+blossombucket+umbraco+prod+cms=no-cache&m=undefined&=im2019-01-03T15:25:50.5500000Z,1966-39029.jpg?1.0.81.14177-aca54d382+master+blossombucket+umbraco+prod+cms=no-cache&m=undefined&=im2019-01-03T15:25:50.5500000Z,,,Blossom800,1966-39029.jpg?1.0.81.14177-aca54d382+master+blossombucket+umbraco+prod+cms=no-cache&m=undefined&=im2019-01-03T15:25:50.5500000Z
"""Sisters"" Amish Girls",221-13301,,,,,,,3.5 x 2.75,,1,99,,,,,1,Blossom400,Blossom160,https://s3.amazonaws.com/emuncloud-staticassets/productImages/bb112/large/221-13301.jpg?1.0.81.14177-aca54d382+master+blossombucket+umbraco+prod+cms=no-cache&m=undefined&=im2021-10-21T13:32:06.9430000Z,221-13301.jpg?1.0.81.14177-aca54d382+master+blossombucket+umbraco+prod+cms=no-cache&m=undefined&=im2021-10-21T13:32:06.9430000Z,,,Blossom800,221-13301.jpg?1.0.81.14177-aca54d382+master+blossombucket+umbraco+prod+cms=no-cache&m=undefined&=im2021-10-21T13:32:06.9430000Z
"""Forever Friends"" Amish Girls",221-13302,,,,,,,3.5 x 3,,1,99,,,,,1,Blossom400,Blossom160,https://s3.amazonaws.com/emuncloud-staticassets/productImages/bb112/large/221-13302.jpg?1.0.81.14177-aca54d382+master+blossombucket+umbraco+prod+cms=no-cache&m=undefined&=im2021-10-21T13:32:08.5000000Z,221-13302.jpg?1.0.81.14177-aca54d382+master+blossombucket+umbraco+prod+cms=no-cache&m=undefined&=im2021-10-21T13:32:08.5000000Z,,,Blossom800,221-13302.jpg?1.0.81.14177-aca54d382+master+blossombucket+umbraco+prod+cms=no-cache&m=undefined&=im2021-10-21T13:32:08.5000000Z
"""Faithful"" Amish Girl with a Dog",221-13303,,,,,,,3.5 x 2.5,,1,99,,,,,1,Blossom400,Blossom160,https://s3.amazonaws.com/emuncloud-staticassets/productImages/bb112/large/221-13303.jpg?1.0.81.14177-aca54d382+master+blossombucket+umbraco+prod+cms=no-cache&m=undefined&=im2021-10-21T13:32:10.0730000Z,221-13303.jpg?1.0.81.14177-aca54d382+master+blossombucket+umbraco+prod+cms=no-cache&m=undefined&=im2021-10-21T13:32:10.0730000Z,,,Blossom800,221-13303.jpg?1.0.81.14177-aca54d382+master+blossombucket+umbraco+prod+cms=no-cache&m=undefined&=im2021-10-21T13:32:10.0730000Z
DECORATIVE FLOOR MAT - MKM195 - BOO *DSC*,199-MATMKM195,,,,,,,x,,1,99,,,,,1,Blossom400,Blossom160,https://s3.amazonaws.com/emuncloud-staticassets/productImages/bb112/large/199-MATMKM195.jpg?1.0.81.14177-aca54d382+master+blossombucket+umbraco+prod+cms=no-cache&m=undefined&=im1,199-MATMKM195.jpg?1.0.81.14177-aca54d382+master+blossombucket+umbraco+prod+cms=no-cache&m=undefined&=im1,,,Blossom800,199-MATMKM195.jpg?1.0.81.14177-aca54d382+master+blossombucket+umbraco+prod+cms=no-cache&m=undefined&=im1
DECORATIVE FLOOR MAT - DS443 - COUNTRY VISIT WITH CHICKEN*DSC*,199-MATDS443,,,,,,,x,,1,99,,,,,1,Blossom400,Blossom160,https://s3.amazonaws.com/emuncloud-staticassets/productImages/bb112/large/199-MATDS443.jpg?1.0.81.14177-aca54d382+master+blossombucket+umbraco+prod+cms=no-cache&m=undefined&=im1,199-MATDS443.jpg?1.0.81.14177-aca54d382+master+blossombucket+umbraco+prod+cms=no-cache&m=undefined&=im1,,,Blossom800,199-MATDS443.jpg?1.0.81.14177-aca54d382+master+blossombucket+umbraco+prod+cms=no-cache&m=undefined&=im1
DECORATIVE FLOOR MAT - DS87 - PENNSYLVANIA *DSC*,199-MATDS87,,,,,,,x,,1,99,,,,,1,Blossom400,Blossom160,https://s3.amazonaws.com/emuncloud-staticassets/productImages/bb112/large/199-MATDS87.jpg?1.0.81.14177-aca54d382+master+blossombucket+umbraco+prod+cms=no-cache&m=undefined&=im1,199-MATDS87.jpg?1.0.81.14177-aca54d382+master+blossombucket+umbraco+prod+cms=no-cache&m=undefined&=im1,,,Blossom800,199-MATDS87.jpg?1.0.81.14177-aca54d382+master+blossombucket+umbraco+prod+cms=no-cache&m=undefined&=im1
MUG WITH FLOWERS,221-13506,,,,,,,3.25 x 3,,1,99,,,,,1,Blossom400,Blossom160,https://s3.amazonaws.com/emuncloud-staticassets/productImages/bb112/large/221-13506.jpg?1.0.81.14177-aca54d382+master+blossombucket+umbraco+prod+cms=no-cache&m=undefined&=im2021-06-29T09:07:15.8930000Z,221-13506.jpg?1.0.81.14177-aca54d382+master+blossombucket+umbraco+prod+cms=no-cache&m=undefined&=im2021-06-29T09:07:15.8930000Z,,,Blossom800,221-13506.jpg?1.0.81.14177-aca54d382+master+blossombucket+umbraco+prod+cms=no-cache&m=undefined&=im2021-06-29T09:07:15.8930000Z
Snowman Head Candle 14Oz (Twisted Peppermint),218-20228,,,,,,,3.5 x 4.25,,1,99,,,,,1,Blossom400,Blossom160,https://s3.amazonaws.com/emuncloud-staticassets/productImages/bb112/large/218-20228.jpg?1.0.81.14177-aca54d382+master+blossombucket+umbraco+prod+cms=no-cache&m=undefined&=im2021-05-06T08:38:52.3870000Z,218-20228.jpg?1.0.81.14177-aca54d382+master+blossombucket+umbraco+prod+cms=no-cache&m=undefined&=im2021-05-06T08:38:52.3870000Z,,,Blossom800,218-20228.jpg?1.0.81.14177-aca54d382+master+blossombucket+umbraco+prod+cms=no-cache&m=undefined&=im2021-05-06T08:38:52.3870000Z
FRIEND ON BASE WITH FLOWERS,221-13502,,,,,,,3.75 x 4,,1,99,,,,,1,Blossom400,Blossom160,https://s3.amazonaws.com/emuncloud-staticassets/productImages/bb112/large/221-13502.jpg?1.0.81.14177-aca54d382+master+blossombucket+umbraco+prod+cms=no-cache&m=undefined&=im2021-06-29T09:07:13.2800000Z,221-13502.jpg?1.0.81.14177-aca54d382+master+blossombucket+umbraco+prod+cms=no-cache&m=undefined&=im2021-06-29T09:07:13.2800000Z,,,Blossom800,221-13502.jpg?1.0.81.14177-aca54d382+master+blossombucket+umbraco+prod+cms=no-cache&m=undefined&=im2021-06-29T09:07:13.2800000Z
LOVE ON BASE WITH FLOWERS,221-13503,,,,,,,3.75 x 4.75,,1,99,,,,,1,Blossom400,Blossom160,https://s3.amazonaws.com/emuncloud-staticassets/productImages/bb112/large/221-13503.jpg?1.0.81.14177-aca54d382+master+blossombucket+umbraco+prod+cms=no-cache&m=undefined&=im2021-06-29T09:07:14.5400000Z,221-13503.jpg?1.0.81.14177-aca54d382+master+blossombucket+umbraco+prod+cms=no-cache&m=undefined&=im2021-06-29T09:07:14.5400000Z,,,Blossom800,221-13503.jpg?1.0.81.14177-aca54d382+master+blossombucket+umbraco+prod+cms=no-cache&m=undefined&=im2021-06-29T09:07:14.5400000Z
