C17634 Antique Silver Bow w/Bells Ornament,C17634,All New Christmas|C17934 Antique Silver Bow w/Bells Ornament,https://www.honeyandme.com/shop/sc_images/products/4217_large_image.jpg
E17719 Blush Pink Daisy Bush,E17719,All New Spring|E17719 Blush Pink Daisy Bush,https://www.honeyandme.com/shop/sc_images/products/3598_large_image.jpg
E17718 Blush Pink Daisy Wreath,E17718,All New Spring|E17718 Blush Pink Daisy Wreath,https://www.honeyandme.com/shop/sc_images/products/3599_large_image.jpg
"E17681 Rustic Pink Flowers
Bundle w/Burlap",E17681,All New Spring|E17681 Rustic Pink Flowers Bundle w/Burlap,https://www.honeyandme.com/shop/sc_images/products/3616_large_image.jpg
E17667 Small Plant in a Bucket Set (3A),E17667,All New Spring|E17667 Small Plant in a Bucket Set (3A),https://www.honeyandme.com/shop/sc_images/products/3637_large_image.jpg
S17311 Adam and Eve Bunny Set (2A),S17311,All New Spring|S17311 Adam and Eve Bunny Set (2A),https://www.honeyandme.com/shop/sc_images/products/3595_large_image.jpg
E17718 Blush Pink Daisy Wreath,E17718,All New Spring|E17718 Blush Pink Daisy Wreath,https://www.honeyandme.com/shop/sc_images/products/3599_large_image.jpg
E17719 Blush Pink Daisy Bush,E17719,All New Spring|E17719 Blush Pink Daisy Bush,https://www.honeyandme.com/shop/sc_images/products/3598_large_image.jpg
S16014 Small Fat Bunny,S16014,All New Spring|S16014 Small Fat Bunny,https://www.honeyandme.com/shop/sc_images/products/3070_large_image.jpg
C14169 Frazzle with Tree,C14169,Christmas Collections|Flurry Friends|C14169 Frazzle with Tree,https://www.honeyandme.com/shop/sc_images/products/C14169.jpg
C1687 Jumbo Reindeer,C1687,C1687 Jumbo Reindeer,https://www.honeyandme.com/shop/sc_images/products/C1687.jpg
E17127  Large Square Collapsing Basket,E17127,All New Everyday|E17127 Large Square Collapsing Basket,https://www.honeyandme.com/shop/sc_images/products/3862_large_image.jpg
C3012 Medium Reindeer,C3012,Christmas Collections|Rustic Chic Christmas|C3012 Medium Reindeer,https://www.honeyandme.com/shop/sc_images/products/C3012.jpg
C1673 Mini Snowman Ornament,C1673,Christmas Collections|Winter Wonderland|C1673 Mini Snowman Ornament,https://www.honeyandme.com/shop/sc_images/products/C1673.jpg
C16739 Red Small Bell Cluster Large Pick,C16739,Christmas Collections|Country Christmas|C16739 Red Small Bell Cluster Large Pick,https://www.honeyandme.com/shop/sc_images/products/3434_large_image.jpg
C10146 Mr. Timothy,C10146,Christmas Collections|Winter Wonderland|C10146 Mr. Timothy,https://www.honeyandme.com/shop/sc_images/products/C10146.jpg
E17129 Round Gathering Basket Set (2A) ,E17129,All New Everyday|E17129 Round Gathering Basket Set (2A),https://www.honeyandme.com/shop/sc_images/products/3865_large_image.jpg
E17904 Rustic Pink Small Wreath/Candle Ring,E17904,All New Spring|E17904 Rustic Pink Small Wreath/Candle Ring,https://www.honeyandme.com/shop/sc_images/products/3606_large_image.jpg
E17903 Rustic Pink Flowers Wreath,E17903,All New Spring|E17903 Rustic Pink Flowers Wreath,https://www.honeyandme.com/shop/sc_images/products/3612_large_image.jpg
E17897 Rustic Butterfly w/Clip Set (3A),E17897,All New Spring|E17897 Rustic Butterfly w/Clip Set (3A),https://www.honeyandme.com/shop/sc_images/products/3625_large_image.jpg
E17896 Rustic Butterfly Large Pick,E17896,All New Spring|E17896 Rustic Butterfly Large Pick,https://www.honeyandme.com/shop/sc_images/products/3623_large_image.jpg
E17903 Rustic Pink Flowers Wreath,E17903,All New Spring|E17903 Rustic Pink Flowers Wreath,https://www.honeyandme.com/shop/sc_images/products/3612_large_image.jpg
"E17681 Rustic Pink Flowers
Bundle w/Burlap",E17681,All New Spring|E17681 Rustic Pink Flowers Bundle w/Burlap,https://www.honeyandme.com/shop/sc_images/products/3616_large_image.jpg
E16546 Small Chevron Clipboard Frame,E16546,All New Spring|E16546 Small Chevron Clipboard Frame,https://www.honeyandme.com/shop/sc_images/products/3150_large_image.jpg
S17153 Renzo Salvage Rabbit,S17153,All New Spring|S17153 Renzo Salvage Rabbit,https://www.honeyandme.com/shop/sc_images/products/3605_large_image.jpg
E15017 Sitting Chubby Bunny,E15017,Spring Collections|Fuzzy Wabbits|E15017 Sitting Chubby Bunny,https://www.honeyandme.com/shop/sc_images/products/E15017.jpg
C3500 Small Reindeer Ornament,C3500,Christmas Collections|Rustic Chic Christmas|C3500 Small Reindeer Ornament,https://www.honeyandme.com/shop/sc_images/products/C3500.jpg
C651 Small Rolly Polly Whimsy Snowman Set (3A),C651,Christmas Collections|Winter Wonderland|C651 Small Rolly Polly Whimsy Snowman Set (3A),https://www.honeyandme.com/shop/sc_images/products/C651.jpg
C13215 Small Snowman Set (4A),C13215,Christmas Collections|Winter Wonderland|C13215 Small Snowman Set (4A),https://www.honeyandme.com/shop/sc_images/products/C13215.jpg
E17125  Small Square Collapsing Basket,E17125,All New Everyday|E17125 Small Square Collapsing Basket,https://www.honeyandme.com/shop/sc_images/products/3863_large_image.jpg
C10180 Snowman Ornament,C10180,Christmas Collections|Winter Wonderland|C10180 Snowman Ornament,https://www.honeyandme.com/shop/sc_images/products/C10180.jpg
F14602 Standing Pumpkin with Taper Holder on Base,F14602,Fall & Halloween|Fall Timer Candles|F14602 Standing Pumpkin with Taper Holder on Base,https://www.honeyandme.com/shop/sc_images/products/F14602.jpg
F14601 Standing Pumpkin with Tealight Holder on Base,F14601,Fall & Halloween|Fall Timer Candles|F14601 Standing Pumpkin with Tealight Holder on Base,https://www.honeyandme.com/shop/sc_images/products/F14601.jpg
C15610 Vintage Button Tree Ornament Set (3A),C15610,Christmas Collections|Rustic Chic Christmas|C15610 Vintage Button Tree Ornament Set (3A),https://www.honeyandme.com/shop/sc_images/products/2753_large_image.jpg
C11144 Whimsical Snowman Ornament Set (4A),C11144,Christmas Collections|Winter Wonderland|C11144 Whimsical Snowman Ornament Set (4A),https://www.honeyandme.com/shop/sc_images/products/C11144.jpg
C11178 Whimsy Snowman Wand Set (4A),C11178,Christmas Collections|Winter Wonderland|C11178 Whimsy Snowman Wand Set (4A),https://www.honeyandme.com/shop/sc_images/products/C11178.jpg
