"Stripe Ceramic Vase (3.9"" x 3.9"" x 9.9"") - UC10502AV",  U C 1 0 5 0 2 A V,,Product Sku: UC10502AV,,,,,,,1,$11.00 ,,,,,1,UC400,UC160,https://cdn.shopify.com/s/files/1/0070/1018/9375/products/UC10502AV_1024x1024@2x.jpg?v=1596130396,UC10502AV_1024x1024@2x.jpg?v=1596130396,,,UC800,UC10502AV_1024x1024@2x.jpg?v=1596130396
"Wood Sign - Beach Arrow (4.5"" x 18"") - SJ2006","  B e a c h   A r r o w   ( 4 . 5 ""   x   1 8 "" )  ",,"Product Sku: SJ2006
Product Dimensions: 4.5 inch by 18 inch",,,,,,,1,$16.95 ,,,,,1,UC400,UC160,https://cdn.shopify.com/s/files/1/0070/1018/9375/products/SJ2006_1024x1024@2x.jpg?v=1557340861,SJ2006_1024x1024@2x.jpg?v=1557340861,,,UC800,SJ2006_1024x1024@2x.jpg?v=1557340861
"Wood Sign - Seaside (4"" x 28"") - SJ2009","  S e a s i d e   ( 4 ""   x   2 8 "" )  ",,"Product Sku: SJ2009
Product Dimensions: 4 inch by 28 inch",,,,,,,1,$16.95 ,,,,,1,UC400,UC160,https://cdn.shopify.com/s/files/1/0070/1018/9375/products/SJ2009_1024x1024@2x.jpg?v=1557340858,SJ2009_1024x1024@2x.jpg?v=1557340858,,,UC800,SJ2009_1024x1024@2x.jpg?v=1557340858
"Wood Sign - Lobstahs (4"" x 20"") - SJ2007","  L o b s t a h s   ( 4 ""   x   2 0 "" )  ",,"Product Sku: SJ2007
Product Dimensions: 4 inch by 20 inch",,,,,,,1,$19.95 ,,,,,1,UC400,UC160,https://cdn.shopify.com/s/files/1/0070/1018/9375/products/SJ2007_1024x1024@2x.jpg?v=1557340859,SJ2007_1024x1024@2x.jpg?v=1557340859,,,UC800,SJ2007_1024x1024@2x.jpg?v=1557340859
"Wood Sign - Steamers & Beer (4"" x 28"") - SJ2005","  S t e a m e r s   &   B e e r   ( 4 ""   x   2 8 "" )  ",,"Product Sku: SJ2005
Product Dimensions: 4 inch by 28 inch",,,,,,,1,$19.95 ,,,,,1,UC400,UC160,https://cdn.shopify.com/s/files/1/0070/1018/9375/products/SJ2005_1024x1024@2x.jpg?v=1557340858,SJ2005_1024x1024@2x.jpg?v=1557340858,,,UC800,SJ2005_1024x1024@2x.jpg?v=1557340858
"Wood Sign - Oyster Bar (4"" x 28"") - SJ2008","  O y s t e r   B a r   ( 4 ""   x   2 8 "" )  ",,"Product Sku: SJ2008
Product Dimensions: 4 inch by 28 inch",,,,,,,1,$19.95 ,,,,,1,UC400,UC160,https://cdn.shopify.com/s/files/1/0070/1018/9375/products/SJ2008_1024x1024@2x.jpg?v=1557340859,SJ2008_1024x1024@2x.jpg?v=1557340859,,,UC800,SJ2008_1024x1024@2x.jpg?v=1557340859
"Wood Sign - Harbor Life (4"" x 30"") - SJ2003","  H a r b o r   L i f e   ( 4 ""   x   3 0 "" )  ",,"Product Sku: SJ2003
Product Dimensions: 4 inch by 30 inch",,,,,,,1,$19.95 ,,,,,1,UC400,UC160,https://cdn.shopify.com/s/files/1/0070/1018/9375/products/SJ2003_1024x1024@2x.jpg?v=1557340860,SJ2003_1024x1024@2x.jpg?v=1557340860,,,UC800,SJ2003_1024x1024@2x.jpg?v=1557340860
"Wood Sign - Fresh Oysters (4.5"" x 28"") - SJ2001","  F r e s h   O y s t e r s   ( 4 . 5 ""   x   2 8 "" )  ",,"Product Sku: SJ2001
Product Dimensions: 4.5 inch by 28 inch",,,,,,,1,$16.95 ,,,,,1,UC400,UC160,https://cdn.shopify.com/s/files/1/0070/1018/9375/products/SJ2001_1024x1024@2x.jpg?v=1557340860,SJ2001_1024x1024@2x.jpg?v=1557340860,,,UC800,SJ2001_1024x1024@2x.jpg?v=1557340860
"Wood Sign - Beach House (4"" x 30"") - SJ2002","  B e a c h   H o u s e   ( 4 ""   x   3 0 "" )  ",,"Product Sku: SJ2002
Product Dimensions: 4 inch by 30 inch",,,,,,,1,$19.95 ,,,,,1,UC400,UC160,https://cdn.shopify.com/s/files/1/0070/1018/9375/products/SJ2002_1024x1024@2x.jpg?v=1557340861,SJ2002_1024x1024@2x.jpg?v=1557340861,,,UC800,SJ2002_1024x1024@2x.jpg?v=1557340861
"Wood Paddle with Rope (5' 5"") - White Beach - OK 595 44",  W h i t e   B e a c h  ,,"Product SKU: OK 595 44
Product Dimensions: 65 inch long by 6.125 inch wide by 2.25 inch deep",,,,,,,1,$76.95 ,,,,,1,UC400,UC160,https://cdn.shopify.com/s/files/1/0070/1018/9375/products/OK59544_1024x1024@2x.jpg?v=1637259534,OK59544_1024x1024@2x.jpg?v=1637259534,,,UC800,OK59544_1024x1024@2x.jpg?v=1637259534
Buoy Ornament Set - Assortment #6 - BK GR6,  A s s o r t m e n t   # 6  ,,"Product Sku: BK GR6
Product Dimensions: Each buoy measures at 1.25 diameter by 4.75 inch tall",,,,,,,1,$21.95 ,,,,,1,UC400,UC160,https://cdn.shopify.com/s/files/1/0070/1018/9375/products/BKGR6_1024x1024@2x.jpg?v=1597158166,BKGR6_1024x1024@2x.jpg?v=1597158166,,,UC800,BKGR6_1024x1024@2x.jpg?v=1597158166
Anchor (White & Navy) - WJ AN22 NAVS,  W J   A N 2 2   N A V S,,"Product Sku: WJ AN22 NAVS
Product Dimensions: 21.5 inch high by 17.5 inch wide",,,,,,,1,$43.95 ,,,,,1,UC400,UC160,https://cdn.shopify.com/s/files/1/0070/1018/9375/products/WJAN22NAVS_1024x1024@2x.jpg?v=1557340896,WJAN22NAVS_1024x1024@2x.jpg?v=1557340896,,,UC800,WJAN22NAVS_1024x1024@2x.jpg?v=1557340896
Wood Painting Frame w/rope lt. green - UCPF102,  U C P F 1 0 2,,Product Sku: UCPF102,,,,,,,1,$20.95 ,,,,,1,UC400,UC160,https://cdn.shopify.com/s/files/1/0070/1018/9375/products/UCPF102_087f9598-1f18-46c7-854d-1cba12c66cbb_1024x1024@2x.jpg?v=1591884942,UCPF102_087f9598-1f18-46c7-854d-1cba12c66cbb_1024x1024@2x.jpg?v=1591884942,,,UC800,UCPF102_087f9598-1f18-46c7-854d-1cba12c66cbb_1024x1024@2x.jpg?v=1591884942
Wood Painting Frame w/rope natural - UCPF101,  U C P F 1 0 1,,Product Sku: UCPF101,,,,,,,1,$20.95 ,,,,,1,UC400,UC160,https://cdn.shopify.com/s/files/1/0070/1018/9375/products/UCPF101_bbc096e1-bf05-4249-afcc-c64fb66da6ee_1024x1024@2x.jpg?v=1591884524,UCPF101_bbc096e1-bf05-4249-afcc-c64fb66da6ee_1024x1024@2x.jpg?v=1591884524,,,UC800,UCPF101_bbc096e1-bf05-4249-afcc-c64fb66da6ee_1024x1024@2x.jpg?v=1591884524
Wood Painting Frame anchors vertical natural/navy - UCPF112,  U C P F 1 1 2,,Product Sku: UCPF112,,,,,,,1,$21.95 ,,,,,1,UC400,UC160,https://cdn.shopify.com/s/files/1/0070/1018/9375/products/UCPF112_1024x1024@2x.jpg?v=1591885046,UCPF112_1024x1024@2x.jpg?v=1591885046,,,UC800,UCPF112_1024x1024@2x.jpg?v=1591885046
Hanging Wood Painting Frame w/rope natural with linen string to hang on wall - UCPF103,  U C P F 1 0 3,,Product Sku: UCPF103,,,,,,,1,$42.95 ,,,,,1,UC400,UC160,https://cdn.shopify.com/s/files/1/0070/1018/9375/products/UCPF103_fb2c8c4c-b734-4d17-8378-8650013c90ba_1024x1024@2x.jpg?v=1591884980,UCPF103_fb2c8c4c-b734-4d17-8378-8650013c90ba_1024x1024@2x.jpg?v=1591884980,,,UC800,UCPF103_fb2c8c4c-b734-4d17-8378-8650013c90ba_1024x1024@2x.jpg?v=1591884980
Hanging Wood Painting Frame w/rope natural with linen string to hang on wall - UCPF103,  U C P F 1 0 3,,Product Sku: UCPF103,,,,,,,1,$42.95 ,,,,,1,UC400,UC160,https://cdn.shopify.com/s/files/1/0070/1018/9375/products/UCPF103_fb2c8c4c-b734-4d17-8378-8650013c90ba_1024x1024@2x.jpg?v=1591884980,UCPF103_fb2c8c4c-b734-4d17-8378-8650013c90ba_1024x1024@2x.jpg?v=1591884980,,,UC800,UCPF103_fb2c8c4c-b734-4d17-8378-8650013c90ba_1024x1024@2x.jpg?v=1591884980
Wood Painting Frame w/rope natural - UCPF101,  U C P F 1 0 1,,Product Sku: UCPF101,,,,,,,1,$20.95 ,,,,,1,UC400,UC160,https://cdn.shopify.com/s/files/1/0070/1018/9375/products/UCPF101_bbc096e1-bf05-4249-afcc-c64fb66da6ee_1024x1024@2x.jpg?v=1591884524,UCPF101_bbc096e1-bf05-4249-afcc-c64fb66da6ee_1024x1024@2x.jpg?v=1591884524,,,UC800,UCPF101_bbc096e1-bf05-4249-afcc-c64fb66da6ee_1024x1024@2x.jpg?v=1591884524
Wood Painting Frame w/rope lt. green - UCPF102,  U C P F 1 0 2,,Product Sku: UCPF102,,,,,,,1,$20.95 ,,,,,1,UC400,UC160,https://cdn.shopify.com/s/files/1/0070/1018/9375/products/UCPF102_087f9598-1f18-46c7-854d-1cba12c66cbb_1024x1024@2x.jpg?v=1591884942,UCPF102_087f9598-1f18-46c7-854d-1cba12c66cbb_1024x1024@2x.jpg?v=1591884942,,,UC800,UCPF102_087f9598-1f18-46c7-854d-1cba12c66cbb_1024x1024@2x.jpg?v=1591884942
Wood Painting Frame anchors vertical white wash/navy - UCPF113,  U C P F 1 1 3,,Product Sku: UCPF113,,,,,,,1,$21.95 ,,,,,1,UC400,UC160,https://cdn.shopify.com/s/files/1/0070/1018/9375/products/UCPF113_202da7c6-1970-4ba3-8d64-ac73ab7eff01_1024x1024@2x.jpg?v=1591885075,UCPF113_202da7c6-1970-4ba3-8d64-ac73ab7eff01_1024x1024@2x.jpg?v=1591885075,,,UC800,UCPF113_202da7c6-1970-4ba3-8d64-ac73ab7eff01_1024x1024@2x.jpg?v=1591885075
Whale (White) - WJ WH32 W,  W J   W H 3 2   W,,"Product Sku: WJ WH32 W
Product Dimensions: 32 inch wide by 13 inch high by 1/2 inch deep",,,,,,,1,$40.95 ,,,,,1,UC400,UC160,https://cdn.shopify.com/s/files/1/0070/1018/9375/products/WJ_WH32_W_1024x1024@2x.jpg?v=1557340885,WJ_WH32_W_1024x1024@2x.jpg?v=1557340885,,,UC800,WJ_WH32_W_1024x1024@2x.jpg?v=1557340885
"Wood Paddle with Rope (5' 5"") - Solid Natural - OK 595 43",  S o l i d   N a t u r a l  ,,"Product SKU: OK 595 43
Product Dimensions: 65 inch long by 6.125 inch wide by 2.25 inch deep",,,,,,,1,$76.95 ,,,,,1,UC400,UC160,https://cdn.shopify.com/s/files/1/0070/1018/9375/products/OK59543_1024x1024@2x.jpg?v=1637259545,OK59543_1024x1024@2x.jpg?v=1637259545,,,UC800,OK59543_1024x1024@2x.jpg?v=1637259545
"Wood Sign - Steamers & Beer (4"" x 28"") - SJ2005","  S t e a m e r s   &   B e e r   ( 4 ""   x   2 8 "" )  ",,"Product Sku: SJ2005
Product Dimensions: 4 inch by 28 inch",,,,,,,1,$19.95 ,,,,,1,UC400,UC160,https://cdn.shopify.com/s/files/1/0070/1018/9375/products/SJ2005_1024x1024@2x.jpg?v=1557340858,SJ2005_1024x1024@2x.jpg?v=1557340858,,,UC800,SJ2005_1024x1024@2x.jpg?v=1557340858
"Wood Sign - Seaside (4"" x 28"") - SJ2009","  S e a s i d e   ( 4 ""   x   2 8 "" )  ",,"Product Sku: SJ2009
Product Dimensions: 4 inch by 28 inch",,,,,,,1,$16.95 ,,,,,1,UC400,UC160,https://cdn.shopify.com/s/files/1/0070/1018/9375/products/SJ2009_1024x1024@2x.jpg?v=1557340858,SJ2009_1024x1024@2x.jpg?v=1557340858,,,UC800,SJ2009_1024x1024@2x.jpg?v=1557340858
"Wood Sign - Lobstahs (4"" x 20"") - SJ2007","  L o b s t a h s   ( 4 ""   x   2 0 "" )  ",,"Product Sku: SJ2007
Product Dimensions: 4 inch by 20 inch",,,,,,,1,$19.95 ,,,,,1,UC400,UC160,https://cdn.shopify.com/s/files/1/0070/1018/9375/products/SJ2007_1024x1024@2x.jpg?v=1557340859,SJ2007_1024x1024@2x.jpg?v=1557340859,,,UC800,SJ2007_1024x1024@2x.jpg?v=1557340859
"Wood Sign - Oyster Bar (4"" x 28"") - SJ2008","  O y s t e r   B a r   ( 4 ""   x   2 8 "" )  ",,"Product Sku: SJ2008
Product Dimensions: 4 inch by 28 inch",,,,,,,1,$19.95 ,,,,,1,UC400,UC160,https://cdn.shopify.com/s/files/1/0070/1018/9375/products/SJ2008_1024x1024@2x.jpg?v=1557340859,SJ2008_1024x1024@2x.jpg?v=1557340859,,,UC800,SJ2008_1024x1024@2x.jpg?v=1557340859
"Wood Sign - Harbor Life (4"" x 30"") - SJ2003","  H a r b o r   L i f e   ( 4 ""   x   3 0 "" )  ",,"Product Sku: SJ2003
Product Dimensions: 4 inch by 30 inch",,,,,,,1,$19.95 ,,,,,1,UC400,UC160,https://cdn.shopify.com/s/files/1/0070/1018/9375/products/SJ2003_1024x1024@2x.jpg?v=1557340860,SJ2003_1024x1024@2x.jpg?v=1557340860,,,UC800,SJ2003_1024x1024@2x.jpg?v=1557340860
"Wood Sign - Fresh Oysters (4.5"" x 28"") - SJ2001","  F r e s h   O y s t e r s   ( 4 . 5 ""   x   2 8 "" )  ",,"Product Sku: SJ2001
Product Dimensions: 4.5 inch by 28 inch",,,,,,,1,$16.95 ,,,,,1,UC400,UC160,https://cdn.shopify.com/s/files/1/0070/1018/9375/products/SJ2001_1024x1024@2x.jpg?v=1557340860,SJ2001_1024x1024@2x.jpg?v=1557340860,,,UC800,SJ2001_1024x1024@2x.jpg?v=1557340860
"Wood Sign - Beach Arrow (4.5"" x 18"") - SJ2006","  B e a c h   A r r o w   ( 4 . 5 ""   x   1 8 "" )  ",,"Product Sku: SJ2006
Product Dimensions: 4.5 inch by 18 inch",,,,,,,1,$16.95 ,,,,,1,UC400,UC160,https://cdn.shopify.com/s/files/1/0070/1018/9375/products/SJ2006_1024x1024@2x.jpg?v=1557340861,SJ2006_1024x1024@2x.jpg?v=1557340861,,,UC800,SJ2006_1024x1024@2x.jpg?v=1557340861
"Wood Sign - Beach House (4"" x 30"") - SJ2002","  B e a c h   H o u s e   ( 4 ""   x   3 0 "" )  ",,"Product Sku: SJ2002
Product Dimensions: 4 inch by 30 inch",,,,,,,1,$19.95 ,,,,,1,UC400,UC160,https://cdn.shopify.com/s/files/1/0070/1018/9375/products/SJ2002_1024x1024@2x.jpg?v=1557340861,SJ2002_1024x1024@2x.jpg?v=1557340861,,,UC800,SJ2002_1024x1024@2x.jpg?v=1557340861
At the beach - Sometimes I sit and think..and sometimes I just sit - SS 942,  S o m e t i m e s   I   s i t   a n d   t h i n k . . a n d   s o m e t i m e s   I   j u s t   s i t  ,,"Product Sku: SS 942
Product Dimensions: 4 inch high by 24 inch wide",,,,,,,1,$21.95 ,,,,,1,UC400,UC160,https://cdn.shopify.com/s/files/1/0070/1018/9375/products/SS942_1024x1024@2x.jpg?v=1605630622,SS942_1024x1024@2x.jpg?v=1605630622,,,UC800,SS942_1024x1024@2x.jpg?v=1605630622
"Stripe Ceramic Vase (5.9"" x 5.9"" x 16"") - UC15806AH",  U C 1 5 8 0 6 A H,,Product Sku: UC15806AH,,,,,,,1,$26.40 ,,,,,1,UC400,UC160,https://cdn.shopify.com/s/files/1/0070/1018/9375/products/UC15806AH_1024x1024@2x.jpg?v=1596130545,UC15806AH_1024x1024@2x.jpg?v=1596130545,,,UC800,UC15806AH_1024x1024@2x.jpg?v=1596130545
"Wood Paddle with Rope (5' 5"") - Solid White - OK 595 45",  S o l i d   W h i t e  ,,"Product SKU: OK 595 45
Product Dimensions: 65 inch long by 6.125 inch wide by 2.25 inch deep",,,,,,,1,$76.95 ,,,,,1,UC400,UC160,https://cdn.shopify.com/s/files/1/0070/1018/9375/products/OK59545_1024x1024@2x.jpg?v=1637259530,OK59545_1024x1024@2x.jpg?v=1637259530,,,UC800,OK59545_1024x1024@2x.jpg?v=1637259530
"12"" Buoy (Grey/Navy/Coral stripe) - BK 990 29",  B K   9 9 0   2 9,,"Product Sku: BK 990 29
Product Dimensions: 3.75 inch by 3.75 inch base by 12 inch tall",,,,,,,1,$31.95 ,,,,,1,UC400,UC160,https://cdn.shopify.com/s/files/1/0070/1018/9375/products/BK99029_1024x1024@2x.jpg?v=1637259658,BK99029_1024x1024@2x.jpg?v=1637259658,,,UC800,BK99029_1024x1024@2x.jpg?v=1637259658
"12"" Buoy (Navy, White, with Red Lobster) - BK 990 24",  B K   9 9 0   2 4,,"Product Sku: BK 990 24
Product Dimensions: 3.75 inch by 3.75 inch base by 12 inch tall",,,,,,,1,$31.95 ,,,,,1,UC400,UC160,https://cdn.shopify.com/s/files/1/0070/1018/9375/products/BK_990-24_1024x1024@2x.jpg?v=1557340881,BK_990-24_1024x1024@2x.jpg?v=1557340881,,,UC800,BK_990-24_1024x1024@2x.jpg?v=1557340881
"12"" Buoy (Aqua, White, Blue with Turtle) - BK 990 25",  B K   9 9 0   2 5,,"Product Sku: BK 990 25
Product Dimensions: 3.75 inch by 3.75 inch base by 12 inch tall",,,,,,,1,$31.95 ,,,,,1,UC400,UC160,https://cdn.shopify.com/s/files/1/0070/1018/9375/products/BK_990-25_1024x1024@2x.jpg?v=1557340884,BK_990-25_1024x1024@2x.jpg?v=1557340884,,,UC800,BK_990-25_1024x1024@2x.jpg?v=1557340884
"12"" Buoy (Red, White, Navy with Crab) - BK 990 23",  B K   9 9 0   2 3,,"Product Sku: BK 990 23
Product Dimensions: 3.75 inch by 3.75 inch base by 12 inch tall",,,,,,,1,$31.95 ,,,,,1,UC400,UC160,https://cdn.shopify.com/s/files/1/0070/1018/9375/products/BK_990-23_1024x1024@2x.jpg?v=1557340881,BK_990-23_1024x1024@2x.jpg?v=1557340881,,,UC800,BK_990-23_1024x1024@2x.jpg?v=1557340881
"12"" Buoy (White, Navy, Aqua Stripe) - BK 990 20",  B K   9 9 0   2 0,,"Product Sku: BK 990 20
Product Dimensions: 3.75 inch by 3.75 inch base by 12 inch tall",,,,,,,1,$31.95 ,,,,,1,UC400,UC160,https://cdn.shopify.com/s/files/1/0070/1018/9375/products/BK990_20_1024x1024@2x.jpg?v=1565116494,BK990_20_1024x1024@2x.jpg?v=1565116494,,,UC800,BK990_20_1024x1024@2x.jpg?v=1565116494
"12"" Buoy (Aqua, White, Navy) - BK 990 21",  B K   9 9 0   2 1,,"Product Sku: BK 990 21
Product Dimensions: 3.75 inch by 3.75 inch base by 12 inch tall",,,,,,,1,$31.95 ,,,,,1,UC400,UC160,https://cdn.shopify.com/s/files/1/0070/1018/9375/products/BK99021_1024x1024@2x.jpg?v=1565116438,BK99021_1024x1024@2x.jpg?v=1565116438,,,UC800,BK99021_1024x1024@2x.jpg?v=1565116438
"15"" Buoy (White, Aqua, Nantucket Blue, Thin Stripe) - BK 180 08",  B K   1 8 0   0 8,,"Product Sku: BK 180 08
Product Dimensions: 3.25 inch by 3.25 inch base by 15 inch tall",,,,,,,1,$31.95 ,,,,,1,UC400,UC160,https://cdn.shopify.com/s/files/1/0070/1018/9375/products/BK_180_08_1024x1024@2x.jpg?v=1580243722,BK_180_08_1024x1024@2x.jpg?v=1580243722,,,UC800,BK_180_08_1024x1024@2x.jpg?v=1580243722
"15"" Buoy (Red, White Blue) - BK 180 05",  B K   1 8 0   0 5,,"Product Sku: BK 180 05
Product Dimensions: 3.25 inch by 3.25 inch base by 15 inch tall",,,,,,,1,$31.95 ,,,,,1,UC400,UC160,https://cdn.shopify.com/s/files/1/0070/1018/9375/products/BK180_05_1024x1024@2x.jpg?v=1557340878,BK180_05_1024x1024@2x.jpg?v=1557340878,,,UC800,BK180_05_1024x1024@2x.jpg?v=1557340878
"15"" Buoy (White, Red, Thin Stripe) - BK 180 04",  B K   1 8 0   0 4,,"Product Sku: BK 180 04
Product Dimensions: 3.25 inch by 3.25 inch base by 15 inch tall",,,,,,,1,$31.95 ,,,,,1,UC400,UC160,https://cdn.shopify.com/s/files/1/0070/1018/9375/products/BK180_04_1024x1024@2x.jpg?v=1557340878,BK180_04_1024x1024@2x.jpg?v=1557340878,,,UC800,BK180_04_1024x1024@2x.jpg?v=1557340878
"15"" Buoy (White, Aqua, Thin Stripe) - BK 180 07",  B K   1 8 0   0 7,,"Product Sku: BK 180 07
Product Dimensions: 3.25 inch by 3.25 inch base by 15 inch tall",,,,,,,1,$31.95 ,,,,,1,UC400,UC160,https://cdn.shopify.com/s/files/1/0070/1018/9375/products/BK180_07_1024x1024@2x.jpg?v=1557340877,BK180_07_1024x1024@2x.jpg?v=1557340877,,,UC800,BK180_07_1024x1024@2x.jpg?v=1557340877
"Wall decor - offset wood slats ""Life is better at the beach"" - WD401","  o f f s e t   w o o d   s l a t s   "" L i f e   i s   b e t t e r   a t   t h e   b e a c h ""  ",,Product Sku: WD401,,,,,,,1,$17.95 ,,,,,1,UC400,UC160,https://cdn.shopify.com/s/files/1/0070/1018/9375/products/WD401_1024x1024@2x.jpg?v=1588775517,WD401_1024x1024@2x.jpg?v=1588775517,,,UC800,WD401_1024x1024@2x.jpg?v=1588775517
"9"" Buoy (Red, White, Blue) - BK 179 02",  B K   1 7 9   0 2,,"Product Sku: BK 179 02
Product Dimensions: 3.75 inch by 3.75 inch base by 9 inch tall",,,,,,,1,$26.95 ,,,,,1,UC400,UC160,https://cdn.shopify.com/s/files/1/0070/1018/9375/products/BK179_02_1024x1024@2x.jpg?v=1557340874,BK179_02_1024x1024@2x.jpg?v=1557340874,,,UC800,BK179_02_1024x1024@2x.jpg?v=1557340874
"9"" Buoy (Blue, White) - BK 179 05",  B K   1 7 9   0 5,,"Product Sku: BK 179 05
Product Dimensions: 3.75 inch by 3.75 inch base by 9 inch tall",,,,,,,1,$26.95 ,,,,,1,UC400,UC160,https://cdn.shopify.com/s/files/1/0070/1018/9375/products/BK179_05_1024x1024@2x.jpg?v=1557340875,BK179_05_1024x1024@2x.jpg?v=1557340875,,,UC800,BK179_05_1024x1024@2x.jpg?v=1557340875
"9"" Buoy (Red, White) - BK 179 04",  B K   1 7 9   0 4,,"Product Sku: BK 179 04
Product Dimensions: 3.75 inch by 3.75 inch base by 9 inch tall",,,,,,,1,$26.95 ,,,,,1,UC400,UC160,https://cdn.shopify.com/s/files/1/0070/1018/9375/products/BK179_04_1024x1024@2x.jpg?v=1557340874,BK179_04_1024x1024@2x.jpg?v=1557340874,,,UC800,BK179_04_1024x1024@2x.jpg?v=1557340874
"9"" Buoy (White, Navy) - BK 179 07",  B K   1 7 9   0 7,,"Product Sku: BK 179 07
Product Dimensions: 3.75 inch by 3.75 inch base by 9 inch tall",,,,,,,1,$26.95 ,,,,,1,UC400,UC160,https://cdn.shopify.com/s/files/1/0070/1018/9375/products/BK_179_07_1024x1024@2x.jpg?v=1580243970,BK_179_07_1024x1024@2x.jpg?v=1580243970,,,UC800,BK_179_07_1024x1024@2x.jpg?v=1580243970
"9"" Buoy (Aqua, White, Nantucket Blue) - BK 179 06",  B K   1 7 9   0 6,,"Product Sku: BK 179 06
Product Dimensions: 3.75 inch by 3.75 inch base by 9 inch tall",,,,,,,1,$26.95 ,,,,,1,UC400,UC160,https://cdn.shopify.com/s/files/1/0070/1018/9375/products/BK179_06_1024x1024@2x.jpg?v=1557340875,BK179_06_1024x1024@2x.jpg?v=1557340875,,,UC800,BK179_06_1024x1024@2x.jpg?v=1557340875
"Large White Shell Décor (27.1"" 21.6"" x 2.8"") - UC19S6174-40",  U C 1 9 S 6 1 7 4,,Product Sku: UC19S6174-40,,,,,,,1,$69.99 ,,,,,1,UC400,UC160,https://cdn.shopify.com/s/files/1/0070/1018/9375/products/UC19S6174-40_1024x1024@2x.jpg?v=1596128928,UC19S6174-40_1024x1024@2x.jpg?v=1596128928,,,UC800,UC19S6174-40_1024x1024@2x.jpg?v=1596128928
"Large Light Gray Shell Décor (27.1"" 21.6"" x 2.8"") - UC19S6175-76",  U C 1 9 S 6 1 7 5,,Product Sku: UC19S6175-76,,,,,,,1,$89.99 ,,,,,1,UC400,UC160,https://cdn.shopify.com/s/files/1/0070/1018/9375/products/UC19S6175-76_1024x1024@2x.jpg?v=1596129081,UC19S6175-76_1024x1024@2x.jpg?v=1596129081,,,UC800,UC19S6175-76_1024x1024@2x.jpg?v=1596129081
"White Scallop Wall Décor (22.8"" x 24"" x 3.5"") - UC19S6173-40",  U C 1 9 S 6 1 7 3,,Product Sku: UC19S6173-40,,,,,,,1,$89.99 ,,,,,1,UC400,UC160,https://cdn.shopify.com/s/files/1/0070/1018/9375/products/UC19S6173-40_1024x1024@2x.jpg?v=1596128756,UC19S6173-40_1024x1024@2x.jpg?v=1596128756,,,UC800,UC19S6173-40_1024x1024@2x.jpg?v=1596128756
"Sand Colored Scallop Wall Décor (16"" x 18"" x 3.5"") - UC19S6172-76",  U C 1 9 S 6 1 7 2,,Product Sku: UC19S6172-76,,,,,,,1,$69.99 ,,,,,1,UC400,UC160,https://cdn.shopify.com/s/files/1/0070/1018/9375/products/UC19S6172-76_1024x1024@2x.jpg?v=1596128651,UC19S6172-76_1024x1024@2x.jpg?v=1596128651,,,UC800,UC19S6172-76_1024x1024@2x.jpg?v=1596128651
"Wood Sign - Harbor Life (4"" x 30"") - SJ2003","  H a r b o r   L i f e   ( 4 ""   x   3 0 "" )  ",,"Product Sku: SJ2003
Product Dimensions: 4 inch by 30 inch",,,,,,,1,$19.95 ,,,,,1,UC400,UC160,https://cdn.shopify.com/s/files/1/0070/1018/9375/products/SJ2003_1024x1024@2x.jpg?v=1557340860,SJ2003_1024x1024@2x.jpg?v=1557340860,,,UC800,SJ2003_1024x1024@2x.jpg?v=1557340860
"Wood Sign - Seaside (4"" x 28"") - SJ2009","  S e a s i d e   ( 4 ""   x   2 8 "" )  ",,"Product Sku: SJ2009
Product Dimensions: 4 inch by 28 inch",,,,,,,1,$16.95 ,,,,,1,UC400,UC160,https://cdn.shopify.com/s/files/1/0070/1018/9375/products/SJ2009_1024x1024@2x.jpg?v=1557340858,SJ2009_1024x1024@2x.jpg?v=1557340858,,,UC800,SJ2009_1024x1024@2x.jpg?v=1557340858
"Wood Sign - Lobstahs (4"" x 20"") - SJ2007","  L o b s t a h s   ( 4 ""   x   2 0 "" )  ",,"Product Sku: SJ2007
Product Dimensions: 4 inch by 20 inch",,,,,,,1,$19.95 ,,,,,1,UC400,UC160,https://cdn.shopify.com/s/files/1/0070/1018/9375/products/SJ2007_1024x1024@2x.jpg?v=1557340859,SJ2007_1024x1024@2x.jpg?v=1557340859,,,UC800,SJ2007_1024x1024@2x.jpg?v=1557340859
"Wood Sign - Steamers & Beer (4"" x 28"") - SJ2005","  S t e a m e r s   &   B e e r   ( 4 ""   x   2 8 "" )  ",,"Product Sku: SJ2005
Product Dimensions: 4 inch by 28 inch",,,,,,,1,$19.95 ,,,,,1,UC400,UC160,https://cdn.shopify.com/s/files/1/0070/1018/9375/products/SJ2005_1024x1024@2x.jpg?v=1557340858,SJ2005_1024x1024@2x.jpg?v=1557340858,,,UC800,SJ2005_1024x1024@2x.jpg?v=1557340858
"Wood Sign - Oyster Bar (4"" x 28"") - SJ2008","  O y s t e r   B a r   ( 4 ""   x   2 8 "" )  ",,"Product Sku: SJ2008
Product Dimensions: 4 inch by 28 inch",,,,,,,1,$19.95 ,,,,,1,UC400,UC160,https://cdn.shopify.com/s/files/1/0070/1018/9375/products/SJ2008_1024x1024@2x.jpg?v=1557340859,SJ2008_1024x1024@2x.jpg?v=1557340859,,,UC800,SJ2008_1024x1024@2x.jpg?v=1557340859
"Wood Sign - Fresh Oysters (4.5"" x 28"") - SJ2001","  F r e s h   O y s t e r s   ( 4 . 5 ""   x   2 8 "" )  ",,"Product Sku: SJ2001
Product Dimensions: 4.5 inch by 28 inch",,,,,,,1,$16.95 ,,,,,1,UC400,UC160,https://cdn.shopify.com/s/files/1/0070/1018/9375/products/SJ2001_1024x1024@2x.jpg?v=1557340860,SJ2001_1024x1024@2x.jpg?v=1557340860,,,UC800,SJ2001_1024x1024@2x.jpg?v=1557340860
"Wood Sign - Beach Arrow (4.5"" x 18"") - SJ2006","  B e a c h   A r r o w   ( 4 . 5 ""   x   1 8 "" )  ",,"Product Sku: SJ2006
Product Dimensions: 4.5 inch by 18 inch",,,,,,,1,$16.95 ,,,,,1,UC400,UC160,https://cdn.shopify.com/s/files/1/0070/1018/9375/products/SJ2006_1024x1024@2x.jpg?v=1557340861,SJ2006_1024x1024@2x.jpg?v=1557340861,,,UC800,SJ2006_1024x1024@2x.jpg?v=1557340861
"Wood Sign - Beach House (4"" x 30"") - SJ2002","  B e a c h   H o u s e   ( 4 ""   x   3 0 "" )  ",,"Product Sku: SJ2002
Product Dimensions: 4 inch by 30 inch",,,,,,,1,$19.95 ,,,,,1,UC400,UC160,https://cdn.shopify.com/s/files/1/0070/1018/9375/products/SJ2002_1024x1024@2x.jpg?v=1557340861,SJ2002_1024x1024@2x.jpg?v=1557340861,,,UC800,SJ2002_1024x1024@2x.jpg?v=1557340861
"Wood Paddle with Rope (5' 5"") - White/Navy with Whale - OK 595 11",  W h i t e / N a v y   w i t h   W h a l e  ,,"Product Sku: OK 595 11
Product Dimensions: 65 inch long by 6.125 inch wide by 2.25 inch deep",,,,,,,1,$76.95 ,,,,,1,UC400,UC160,https://cdn.shopify.com/s/files/1/0070/1018/9375/products/OK_595_11.jpg_horizontal_400x200_1024x1024@2x.jpg?v=1561061994,OK_595_11.jpg_horizontal_400x200_1024x1024@2x.jpg?v=1561061994,,,UC800,OK_595_11.jpg_horizontal_400x200_1024x1024@2x.jpg?v=1561061994
"Wood Paddle with Rope (5' 5"") - White/Aqua with Anchor - OK 595 10",  W h i t e / A q u a   w i t h   A n c h o r  ,,"Product Sku: OK 595 10
Product Dimensions: 65 inch long by 6.125 inch wide by 2.25 inch deep",,,,,,,1,$76.95 ,,,,,1,UC400,UC160,https://cdn.shopify.com/s/files/1/0070/1018/9375/products/OK_595_10.jpg_horizontal_400x200_1024x1024@2x.jpg?v=1561061867,OK_595_10.jpg_horizontal_400x200_1024x1024@2x.jpg?v=1561061867,,,UC800,OK_595_10.jpg_horizontal_400x200_1024x1024@2x.jpg?v=1561061867
"12"" Buoy (White, Nantucket Blue, Aqua #3) - BK 990 13",  B K   9 9 0   1 3,,"Product Sku: BK 990 13
Product Dimensions: 3.75 inch by 3.75 inch base by 12 inch tall",,,,,,,1,$31.95 ,,,,,1,UC400,UC160,https://cdn.shopify.com/s/files/1/0070/1018/9375/products/BK990_13_1024x1024@2x.jpg?v=1557340880,BK990_13_1024x1024@2x.jpg?v=1557340880,,,UC800,BK990_13_1024x1024@2x.jpg?v=1557340880
"12"" Buoy (Aqua, White) - BK 990 11",  B K   9 9 0   1 1,,"Product Sku: BK 990 11
Product Dimensions: 3.75 inch by 3.75 inch base by 12 inch tall",,,,,,,1,$31.95 ,,,,,1,UC400,UC160,https://cdn.shopify.com/s/files/1/0070/1018/9375/products/BK990_11_1024x1024@2x.jpg?v=1557340885,BK990_11_1024x1024@2x.jpg?v=1557340885,,,UC800,BK990_11_1024x1024@2x.jpg?v=1557340885
"12"" Buoy (Aqua, White, Nantucket Blue) - BK 990 12",  B K   9 9 0   1 2,,"Product Sku: BK 990 12
Product Dimensions: 3.75 inch by 3.75 inch base by 12 inch tall",,,,,,,1,$31.95 ,,,,,1,UC400,UC160,https://cdn.shopify.com/s/files/1/0070/1018/9375/products/BK990_12_1024x1024@2x.jpg?v=1557340884,BK990_12_1024x1024@2x.jpg?v=1557340884,,,UC800,BK990_12_1024x1024@2x.jpg?v=1557340884
"12"" Buoy (Yellow, White, Aqua) - BK 990 01",  B K   9 9 0   0 1,,"Product Sku: BK 990 01
Product Dimensions: 3.75 inch by 3.75 inch base by 12 inch tall",,,,,,,1,$31.95 ,,,,,1,UC400,UC160,https://cdn.shopify.com/s/files/1/0070/1018/9375/products/BK990_01_1024x1024@2x.jpg?v=1557340878,BK990_01_1024x1024@2x.jpg?v=1557340878,,,UC800,BK990_01_1024x1024@2x.jpg?v=1557340878
"12"" Buoy (White, Blue Diagonal) - BK 990 06",  B K   9 9 0   0 6,,"Product Sku: BK 990 06
Product Dimensions: 3.75 inch by 3.75 inch base by 12 inch tall",,,,,,,1,$31.95 ,,,,,1,UC400,UC160,https://cdn.shopify.com/s/files/1/0070/1018/9375/products/BK990_06_1024x1024@2x.jpg?v=1557340880,BK990_06_1024x1024@2x.jpg?v=1557340880,,,UC800,BK990_06_1024x1024@2x.jpg?v=1557340880
"12"" Buoy (Red, White, Red) - BK 990 04",  B K   9 9 0   0 4,,"Product Sku: BK 990 04
Product Dimensions: 3.75 inch by 3.75 inch base by 12 inch tall",,,,,,,1,$31.95 ,,,,,1,UC400,UC160,https://cdn.shopify.com/s/files/1/0070/1018/9375/products/BK990_04_1024x1024@2x.jpg?v=1557340881,BK990_04_1024x1024@2x.jpg?v=1557340881,,,UC800,BK990_04_1024x1024@2x.jpg?v=1557340881
"12"" Buoy (Blue, White, Red) - BK 990 02",  B K   9 9 0   0 2,,"Product Sku: BK 990 02
Product Dimensions: 3.75 inch by 3.75 inch base by 12 inch tall",,,,,,,1,$31.95 ,,,,,1,UC400,UC160,https://cdn.shopify.com/s/files/1/0070/1018/9375/products/BK990_02_1024x1024@2x.jpg?v=1557340883,BK990_02_1024x1024@2x.jpg?v=1557340883,,,UC800,BK990_02_1024x1024@2x.jpg?v=1557340883
"12"" Buoy (Aqua, White, Navy) - BK 990 21",  B K   9 9 0   2 1,,"Product Sku: BK 990 21
Product Dimensions: 3.75 inch by 3.75 inch base by 12 inch tall",,,,,,,1,$31.95 ,,,,,1,UC400,UC160,https://cdn.shopify.com/s/files/1/0070/1018/9375/products/BK99021_1024x1024@2x.jpg?v=1565116438,BK99021_1024x1024@2x.jpg?v=1565116438,,,UC800,BK99021_1024x1024@2x.jpg?v=1565116438
"12"" Buoy (Aqua, White #5) - BK 990 17",  B K   9 9 0   1 7,,"Product Sku: BK 990 17
Product Dimensions: 3.75 inch by 3.75 inch base by 12 inch tall",,,,,,,1,$31.95 ,,,,,1,UC400,UC160,https://cdn.shopify.com/s/files/1/0070/1018/9375/products/BK99017_1024x1024@2x.jpg?v=1565116349,BK99017_1024x1024@2x.jpg?v=1565116349,,,UC800,BK99017_1024x1024@2x.jpg?v=1565116349
"12"" Buoy (Navy/White stripe) - BK 990 30",  B K   9 9 0   3 0,,"Product Sku: BK 990 30
Product Dimensions: 3.75 inch by 3.75 inch base by 12 inch tall",,,,,,,1,$31.95 ,,,,,1,UC400,UC160,https://cdn.shopify.com/s/files/1/0070/1018/9375/products/BK99030_1024x1024@2x.jpg?v=1637259652,BK99030_1024x1024@2x.jpg?v=1637259652,,,UC800,BK99030_1024x1024@2x.jpg?v=1637259652
"12"" Buoy (Navy, White with Anchor) - BK 990 19",  B K   9 9 0   1 9,,"Product Sku: BK 990 19
Product Dimensions: 3.75 inch by 3.75 inch base by 12 inch tall",,,,,,,1,$31.95 ,,,,,1,UC400,UC160,https://cdn.shopify.com/s/files/1/0070/1018/9375/products/BK990_19_1024x1024@2x.jpg?v=1557340882,BK990_19_1024x1024@2x.jpg?v=1557340882,,,UC800,BK990_19_1024x1024@2x.jpg?v=1557340882
"12"" Buoy (White, Navy, Red #3) - BK 990 15",  B K   9 9 0   1 5,,"Product Sku: BK 990 15
Product Dimensions: 3.75 inch by 3.75 inch base by 12 inch tall",,,,,,,1,$31.95 ,,,,,1,UC400,UC160,https://cdn.shopify.com/s/files/1/0070/1018/9375/products/BK990_15_1024x1024@2x.jpg?v=1557340879,BK990_15_1024x1024@2x.jpg?v=1557340879,,,UC800,BK990_15_1024x1024@2x.jpg?v=1557340879
"12"" Buoy (White, Navy, Aqua Stripe) - BK 990 20",  B K   9 9 0   2 0,,"Product Sku: BK 990 20
Product Dimensions: 3.75 inch by 3.75 inch base by 12 inch tall",,,,,,,1,$31.95 ,,,,,1,UC400,UC160,https://cdn.shopify.com/s/files/1/0070/1018/9375/products/BK990_20_1024x1024@2x.jpg?v=1565116494,BK990_20_1024x1024@2x.jpg?v=1565116494,,,UC800,BK990_20_1024x1024@2x.jpg?v=1565116494
"12"" Buoy (Navy, White, Black #7) - BK 990 16",  B K   9 9 0   1 6,,"Product Sku: BK 990 16
Product Dimensions: 3.75 inch by 3.75 inch base by 12 inch tall",,,,,,,1,$31.95 ,,,,,1,UC400,UC160,https://cdn.shopify.com/s/files/1/0070/1018/9375/products/BK990_16_1024x1024@2x.jpg?v=1557340882,BK990_16_1024x1024@2x.jpg?v=1557340882,,,UC800,BK990_16_1024x1024@2x.jpg?v=1557340882
"12"" Buoy (Grey/Navy/Coral stripe) - BK 990 29",  B K   9 9 0   2 9,,"Product Sku: BK 990 29
Product Dimensions: 3.75 inch by 3.75 inch base by 12 inch tall",,,,,,,1,$31.95 ,,,,,1,UC400,UC160,https://cdn.shopify.com/s/files/1/0070/1018/9375/products/BK99029_1024x1024@2x.jpg?v=1637259658,BK99029_1024x1024@2x.jpg?v=1637259658,,,UC800,BK99029_1024x1024@2x.jpg?v=1637259658
"12"" Buoy (Red, White, Navy with Crab) - BK 990 23",  B K   9 9 0   2 3,,"Product Sku: BK 990 23
Product Dimensions: 3.75 inch by 3.75 inch base by 12 inch tall",,,,,,,1,$31.95 ,,,,,1,UC400,UC160,https://cdn.shopify.com/s/files/1/0070/1018/9375/products/BK_990-23_1024x1024@2x.jpg?v=1557340881,BK_990-23_1024x1024@2x.jpg?v=1557340881,,,UC800,BK_990-23_1024x1024@2x.jpg?v=1557340881
"12"" Buoy (Navy, White, with Red Lobster) - BK 990 24",  B K   9 9 0   2 4,,"Product Sku: BK 990 24
Product Dimensions: 3.75 inch by 3.75 inch base by 12 inch tall",,,,,,,1,$31.95 ,,,,,1,UC400,UC160,https://cdn.shopify.com/s/files/1/0070/1018/9375/products/BK_990-24_1024x1024@2x.jpg?v=1557340881,BK_990-24_1024x1024@2x.jpg?v=1557340881,,,UC800,BK_990-24_1024x1024@2x.jpg?v=1557340881
"12"" Buoy (Aqua, White, Blue with Turtle) - BK 990 25",  B K   9 9 0   2 5,,"Product Sku: BK 990 25
Product Dimensions: 3.75 inch by 3.75 inch base by 12 inch tall",,,,,,,1,$31.95 ,,,,,1,UC400,UC160,https://cdn.shopify.com/s/files/1/0070/1018/9375/products/BK_990-25_1024x1024@2x.jpg?v=1557340884,BK_990-25_1024x1024@2x.jpg?v=1557340884,,,UC800,BK_990-25_1024x1024@2x.jpg?v=1557340884
"12"" Buoy (White, Nantucket Blue, Aqua #3) - BK 990 13",  B K   9 9 0   1 3,,"Product Sku: BK 990 13
Product Dimensions: 3.75 inch by 3.75 inch base by 12 inch tall",,,,,,,1,$31.95 ,,,,,1,UC400,UC160,https://cdn.shopify.com/s/files/1/0070/1018/9375/products/BK990_13_1024x1024@2x.jpg?v=1557340880,BK990_13_1024x1024@2x.jpg?v=1557340880,,,UC800,BK990_13_1024x1024@2x.jpg?v=1557340880
"12"" Buoy (Aqua, White, Nan Blue with Crab) - BK 990 22",  B K   9 9 0   2 2,,"Product Sku: BK 990 22
Product Dimensions: 3.75 inch by 3.75 inch base by 12 inch tall",,,,,,,1,$31.95 ,,,,,1,UC400,UC160,https://cdn.shopify.com/s/files/1/0070/1018/9375/products/BK_990-22_1024x1024@2x.jpg?v=1557340884,BK_990-22_1024x1024@2x.jpg?v=1557340884,,,UC800,BK_990-22_1024x1024@2x.jpg?v=1557340884
"12"" Buoy (Blue, White, Blue) - BK 990 03",  B K   9 9 0   0 3,,"Product Sku: BK 990 03
Product Dimensions: 3.75 inch by 3.75 inch base by 12 inch tall",,,,,,,1,$31.95 ,,,,,1,UC400,UC160,https://cdn.shopify.com/s/files/1/0070/1018/9375/products/BK990_03_1024x1024@2x.jpg?v=1557340883,BK990_03_1024x1024@2x.jpg?v=1557340883,,,UC800,BK990_03_1024x1024@2x.jpg?v=1557340883
"12"" Buoy (Aqua, White) - BK 990 11",  B K   9 9 0   1 1,,"Product Sku: BK 990 11
Product Dimensions: 3.75 inch by 3.75 inch base by 12 inch tall",,,,,,,1,$31.95 ,,,,,1,UC400,UC160,https://cdn.shopify.com/s/files/1/0070/1018/9375/products/BK990_11_1024x1024@2x.jpg?v=1557340885,BK990_11_1024x1024@2x.jpg?v=1557340885,,,UC800,BK990_11_1024x1024@2x.jpg?v=1557340885
Anchor (White & Aqua) - WJ AN22 AS,  W J   A N 2 2   A S,,"Product Sku: WJ AN22 AS
Product Dimensions: 21.5 inch high by 17.5 inch wide",,,,,,,1,$43.95 ,,,,,1,UC400,UC160,https://cdn.shopify.com/s/files/1/0070/1018/9375/products/WJAN22AS_1024x1024@2x.jpg?v=1557340896,WJAN22AS_1024x1024@2x.jpg?v=1557340896,,,UC800,WJAN22AS_1024x1024@2x.jpg?v=1557340896
Anchor (White & Navy) - WJ AN22 NAVS,  W J   A N 2 2   N A V S,,"Product Sku: WJ AN22 NAVS
Product Dimensions: 21.5 inch high by 17.5 inch wide",,,,,,,1,$43.95 ,,,,,1,UC400,UC160,https://cdn.shopify.com/s/files/1/0070/1018/9375/products/WJAN22NAVS_1024x1024@2x.jpg?v=1557340896,WJAN22NAVS_1024x1024@2x.jpg?v=1557340896,,,UC800,WJAN22NAVS_1024x1024@2x.jpg?v=1557340896
"12"" Buoy (Navy, White, Black #7) - BK 990 16",  B K   9 9 0   1 6,,"Product Sku: BK 990 16
Product Dimensions: 3.75 inch by 3.75 inch base by 12 inch tall",,,,,,,1,$31.95 ,,,,,1,UC400,UC160,https://cdn.shopify.com/s/files/1/0070/1018/9375/products/BK990_16_1024x1024@2x.jpg?v=1557340882,BK990_16_1024x1024@2x.jpg?v=1557340882,,,UC800,BK990_16_1024x1024@2x.jpg?v=1557340882
"12"" Buoy (White, Navy, Red #3) - BK 990 15",  B K   9 9 0   1 5,,"Product Sku: BK 990 15
Product Dimensions: 3.75 inch by 3.75 inch base by 12 inch tall",,,,,,,1,$31.95 ,,,,,1,UC400,UC160,https://cdn.shopify.com/s/files/1/0070/1018/9375/products/BK990_15_1024x1024@2x.jpg?v=1557340879,BK990_15_1024x1024@2x.jpg?v=1557340879,,,UC800,BK990_15_1024x1024@2x.jpg?v=1557340879
"Ceramic Vase with Anchors (5.5"" x 5.5"" x 14.8"") - UC16008M",  U C 1 6 0 0 8 M,,Product Sku: UC16008M,,,,,,,1,$28.60 ,,,,,1,UC400,UC160,https://cdn.shopify.com/s/files/1/0070/1018/9375/products/UC16008M_1024x1024@2x.jpg?v=1596130649,UC16008M_1024x1024@2x.jpg?v=1596130649,,,UC800,UC16008M_1024x1024@2x.jpg?v=1596130649
"12"" Buoy (Navy, White with Anchor) - BK 990 19",  B K   9 9 0   1 9,,"Product Sku: BK 990 19
Product Dimensions: 3.75 inch by 3.75 inch base by 12 inch tall",,,,,,,1,$31.95 ,,,,,1,UC400,UC160,https://cdn.shopify.com/s/files/1/0070/1018/9375/products/BK990_19_1024x1024@2x.jpg?v=1557340882,BK990_19_1024x1024@2x.jpg?v=1557340882,,,UC800,BK990_19_1024x1024@2x.jpg?v=1557340882
"picture frames w/blue wood slats, black frame - UCPF115",  U C P F 1 1 5,,Product Sku: UCPF115,,,,,,,1,$23.95 ,,,,,1,UC400,UC160,https://cdn.shopify.com/s/files/1/0070/1018/9375/products/UCPF115_9a975bd0-50e3-4f31-a1c1-11c313e1c272_1024x1024@2x.jpg?v=1591885106,UCPF115_9a975bd0-50e3-4f31-a1c1-11c313e1c272_1024x1024@2x.jpg?v=1591885106,,,UC800,UCPF115_9a975bd0-50e3-4f31-a1c1-11c313e1c272_1024x1024@2x.jpg?v=1591885106
Wood Painting Frame w/starfish metal - UCPF110,  U C P F 1 1 0,,Product Sku: UCPF110,,,,,,,1,$19.95 ,,,,,1,UC400,UC160,https://cdn.shopify.com/s/files/1/0070/1018/9375/products/UCPF110_1024x1024@2x.jpg?v=1605630752,UCPF110_1024x1024@2x.jpg?v=1605630752,,,UC800,UCPF110_1024x1024@2x.jpg?v=1605630752
picture frame w/white wash & oars - UCPF117,  U C P F 1 1 7,,Product Sku: UCPF117,,,,,,,1,$22.95 ,,,,,1,UC400,UC160,https://cdn.shopify.com/s/files/1/0070/1018/9375/products/UCPF117_68d88377-bfa0-43e4-9587-78bfef887135_1024x1024@2x.jpg?v=1591885181,UCPF117_68d88377-bfa0-43e4-9587-78bfef887135_1024x1024@2x.jpg?v=1591885181,,,UC800,UCPF117_68d88377-bfa0-43e4-9587-78bfef887135_1024x1024@2x.jpg?v=1591885181
Wood Painting Frame anchors vertical natural/teal - UCPF111,  U C P F 1 1 1,,Product Sku: UCPF111,,,,,,,1,$21.95 ,,,,,1,UC400,UC160,https://cdn.shopify.com/s/files/1/0070/1018/9375/products/UCPF111_a6a0ebb1-df01-4a5c-b613-04acffa13bb8_1024x1024@2x.jpg?v=1591885017,UCPF111_a6a0ebb1-df01-4a5c-b613-04acffa13bb8_1024x1024@2x.jpg?v=1591885017,,,UC800,UCPF111_a6a0ebb1-df01-4a5c-b613-04acffa13bb8_1024x1024@2x.jpg?v=1591885017
Wood Painting Frame anchors vertical natural/navy - UCPF112,  U C P F 1 1 2,,Product Sku: UCPF112,,,,,,,1,$21.95 ,,,,,1,UC400,UC160,https://cdn.shopify.com/s/files/1/0070/1018/9375/products/UCPF112_1024x1024@2x.jpg?v=1591885046,UCPF112_1024x1024@2x.jpg?v=1591885046,,,UC800,UCPF112_1024x1024@2x.jpg?v=1591885046
Wood Painting Frame anchors vertical white wash/navy - UCPF113,  U C P F 1 1 3,,Product Sku: UCPF113,,,,,,,1,$21.95 ,,,,,1,UC400,UC160,https://cdn.shopify.com/s/files/1/0070/1018/9375/products/UCPF113_202da7c6-1970-4ba3-8d64-ac73ab7eff01_1024x1024@2x.jpg?v=1591885075,UCPF113_202da7c6-1970-4ba3-8d64-ac73ab7eff01_1024x1024@2x.jpg?v=1591885075,,,UC800,UCPF113_202da7c6-1970-4ba3-8d64-ac73ab7eff01_1024x1024@2x.jpg?v=1591885075
picture frame w/white wash & blue slats & turtle - UCPF116,  U C P F 1 1 6,,Product Sku: UCPF116,,,,,,,1,$18.95 ,,,,,1,UC400,UC160,https://cdn.shopify.com/s/files/1/0070/1018/9375/products/UCPF116_6bfaf1d3-b83e-4dd4-85d5-e83c3e3bbe90_1024x1024@2x.jpg?v=1591885158,UCPF116_6bfaf1d3-b83e-4dd4-85d5-e83c3e3bbe90_1024x1024@2x.jpg?v=1591885158,,,UC800,UCPF116_6bfaf1d3-b83e-4dd4-85d5-e83c3e3bbe90_1024x1024@2x.jpg?v=1591885158
"Ceramic Vase with Anchors (4.7"" x 4.7"" x 9.9"") - UC15358AD",  U C 1 5 3 5 8 A D,,Product Sku: UC15358AD,,,,,,,1,$15.40 ,,,,,1,UC400,UC160,https://cdn.shopify.com/s/files/1/0070/1018/9375/products/UC15358AD_1024x1024@2x.jpg?v=1596130746,UC15358AD_1024x1024@2x.jpg?v=1596130746,,,UC800,UC15358AD_1024x1024@2x.jpg?v=1596130746
