A Cheerful Giver ***,Jessica.Munyon@acheerfulgiver.com,07-22-2023
Adams and Company ***,crystal@adamsandco.net,07-23-2023
Albert Estate LTD,info@albertestateltd.com,02-03-2023
American Dakota Rugs,orders@americandakota.com,03-10-2022
Audreys Your Hearts Delight,Tammys@yourheartsdelight.com,07-29-2023
Barn Candles,support@barncandles.com,12-01-2021
Benson Country Packaging,bensonmarketinggroup@yahoo.com,03-12-2023
Beyond Borders,will.beyondborders@gmail.com,12-01-2021
Bittersweet Springs Metal,bittersweetsprings@gmail.com,12-01-2021
Black Crow Candles,blackcrowcandles@yahoo.com,07-29-2023
Bright Ideas,support@brightideasllc.com,07-23-2023
Capitol Imports,kayla@earthrugs.com,08-19-2023
Carson Home - Flags,khill@carsonindustries.com,07-23-2023
Carson Home Accents,khill@carsonindustries.com,08-11-2023
Chesapeake Bay / JD Yeatts,robjr@jdyeatts.com,12-06-2021
Country Home Creations,orders@chcdips.com,06-09-2023
Cowgirl Chocolates***,cowgirl@cowgirlchocolates.com,02-19-2023
Deb & Co. Handmade Ornaments,DEB@DEBANDCO.COM,12-06-2021
Debry Jewelry,tess@mtartistic.com,02-04-2023
Desperate Tin Signs,Stacey@desperate.com,04-28-2023
DNS Designs,Amie@dnsdesigns.biz,05-28-2023
Flags Galore Decor,lucybasset@aol.com,05-20-2023
Gooseberry Patch,liz@gooseberrypatch.com,08-05-2023
Hanna's Handiworks,Wecare@hannashandiworks.com,04-08-2023
Hanna's Handiworks Closeouts,shea.r@hannashandiworks.com,04-19-2018
Hip Signs for Cool Folks,admin@lorriepowellstudios.com,03-15-2022
HomArt,support@homart.com,06-06-2023
Homart Discounted Closeouts,support@homart.com,09-23-2022
Homespice DÃ©cor,orders@homespice.com,07-29-2023
Honey & Me,gday@honeyandme.com,07-22-2023
Impressions on Market,zane.impressions@gmail.com,02-02-2021
Irvin's Tinware,steve.hoover@irvins.com,03-25-2023
JanMichael's Art & Home,info@janmichaelscrafts.com,01-28-2023
KMI International,sales@floralkmi.com,07-07-2023
Kraft Klub,robert@kraftklub.com,02-18-2023
Kraft Klub Closeouts,diana@kraftklub.com,01-26-2021
McCall's Candles,customercare@mccallscandles.com,04-02-2023
North American Art & Mirror,sales@northamericanart.com,07-23-2023
Pine Creek Four Corners,orders@shoppinecreek.com,04-29-2023
Primitives at Crow Hollow,pattyscrowhollow@aol.com,03-05-2023
Raggedy Junction,raggedyjunction@gmail.com,05-20-2023
Ragon House Collection,reporders@ragonhouse.com,05-20-2023
Simply Vintage Soy Candles,sales@simplyvintagecandles.com,04-07-2021
Special T Imports Closeouts ***,ecorona@specialtimports.com,06-07-2021
The Country House Closeouts***,wholesale@thecountryhouse.com,07-29-2023
The Country House Collection,wholesale@thecountryhouse.com,08-12-2023
The Decorative Loft,thecraftersloft1@gmail.com,08-05-2023
Vickie Jeans Creations,sherie@waresitat.com,04-22-2023
VIP Home & Garden Discount Closeouts,mortensen.devin@gmail.com,10-02-2020
Warm Glow Candles***,scrollwoman64@comcast.net,07-29-2023
Wholesale Home decor,info@whdfloral.com,08-13-2023
Wholesale Home Decor Closeouts***,info@whdfloral.com,06-21-2021
Wild Wings,cassie.carlson@wildwings.com,04-05-2022
Wing Tai Trading,victoriawtmedia@gmail.com,08-12-2023
Zaer Ltd. International,rachael@zaerltd.com,06-03-2023
A Homestead Shoppe,cclough@ahomesteadshoppe.com,04-29-2023
Adams & Co Closeouts ***,crystal@adamsandco.net,08-19-2023
Aeromax Toys Inc.,orders@aeromaxtoys.com,03-17-2022
Amish Star,seanlanders68@gmail.com,11-26-2018
Ann Clark Cookie Cutters,neworders@annclark.com,02-03-2023
Audrey's 15% to 50% Off ***,Tammys@yourheartsdelight.com,06-23-2023
Bedrock Fir Needle Products,tammy@thassociates.biz,02-09-2022
Blossom Bucket,adam@crossroadsfamily.com,03-21-2022
Bumblin Bee,rickjanusz@gmail.com,10-20-2021
California Home & Garden,wroughtironmart@yahoo.com,07-27-2021
Candle By The Hour,joel@eclipsehomedecor.com,09-09-2020
Capitol Discounted Closeouts,kayla@earthrugs.com,08-19-2023
Carson Home Accents 50% Off***,khill@carsonindustries.com,07-23-2023
Cheasapeake /JD Yeatts Closeouts***,robjr@jdyeatts.com,05-28-2020
Christian Art Gifts,orders@cagifts.com,03-18-2022
Concepts in Time,sj@conceptsintime.com,12-06-2021
Cooper's Mill,adam@crossroadsfamily.com,06-13-2022
Crossroads Candles,adam@crossroadsfamily.com,11-05-2022
Desma Group Home & Gift,sales@desma-group.com,09-25-2022
Essential Goodness***,essentialgoodnessmd@gmail.com,02-09-2022
Floral Treasure,customerservice@floraltreasure.com,12-12-2019
Home Collections by Raghu Closeouts***,kristy@hcbyraghu.com,03-25-2023
Honey House Naturals,customerservice@honeyhousenaturals.com,05-31-2022
JanMichael's Home Closeout Sale,info@janmichaelscrafts.com,04-01-2022
JJ Potts Garden,jjpotts@jjpotts.com,03-12-2022
Lifeforce Glass LLC,sales@lifeforceglass.com,02-06-2019
Maine Wooden Buoys,mainewoodenbuoys@gmail.com,03-11-2022
Manvinder Singh,manvindersingh80@gmail.com,02-15-2017
Miller Decor,fohty@msn.com,07-08-2020
North Country Wind Bells,ncbells@tidewater.net,07-02-2023
Paine Products Inc,tammy@thassociates.biz,02-18-2022
Papas Candle Shoppe ***,papas_candle_shoppe@papascandleshoppe.com,09-09-2022
Peaceful Village Jewelry,info@peacefulvillage.com,04-12-2021
Raghu - Home Collections,karen@hcbyraghu.com,03-25-2023
Raine & Humble,smiller@ahomesteadshoppe.com,01-22-2023
Skull Duggery,skorders@skullduggery.com,03-10-2022
Special T Imports,ecorona@specialtimports.com,06-10-2021
Surf's Up Candles,sales@surfsupcandle.com,03-09-2022
The Hearthside Collection,abaker@shopcwi.com,08-11-2023
The Packaging Source,emilyw@packagingsource.com,11-02-2021
VIP International Home & Garden,mortensen.devin@gmail.com,10-17-2022
Wheelhouse Designs,tammy@thassociates.biz,03-13-2022
Whiskey Mountain,carol@whiskeymtn.com,02-27-2020
Wild Cotton,tammy@thassociates.biz,08-06-2021
