MTL. TRAYS S/2,NS1007,,,,,,,Dimensions: 11.00 x 3.00 x 11.00,,1,99,,,,,1,VIP400,VIP160,https://images.junipercdn.com/928/ns1007_lg.jpg,ns1007_lg.jpg,,,VIP800,ns1007_lg.jpg,
|RESIN GREEN FLOWER KNOB|,MT1723,,,,,,,Dimensions: 2.00 x 2.00 x 2.00,,1,99,,,,,1,VIP400,VIP160,https://images.junipercdn.com/928/mt1723_lg.jpg,mt1723_lg.jpg,,,VIP800,mt1723_lg.jpg,
"|MTL. SIGN ""LITTLE THINGS""|",MT1712,,,,,,,Dimensions: 14.50 x 32.00 x 1.00,,1,99,,,,,1,VIP400,VIP160,https://images.junipercdn.com/928/mt1712_lg.jpg,mt1712_lg.jpg,,,VIP800,mt1712_lg.jpg,
|WD. BASKETBALL SIGN|,MT1845,,,,,,,Dimensions: 15.00 x 15.00 x 1.00,,1,99,,,,,1,VIP400,VIP160,https://images.junipercdn.com/928/mt1845_lg.jpg,mt1845_lg.jpg,,,VIP800,mt1845_lg.jpg,
|WD. SOCCER SIGN|,MT1847,,,,,,,Dimensions: 14.75 x 14.75 x 0.50,,1,99,,,,,1,VIP400,VIP160,https://images.junipercdn.com/928/mt1847_lg.jpg,mt1847_lg.jpg,,,VIP800,mt1847_lg.jpg,
|MTL. JEWELED SIGN |,MT1897,,,,,,,Dimensions: 5.50 x 14.00 x 0.50,,1,99,,,,,1,VIP400,VIP160,https://images.junipercdn.com/928/mt1897_lg.jpg,mt1897_lg.jpg,,,VIP800,mt1897_lg.jpg,
|WD. PICTURE FRAME|,MT1760,,,,,,,Dimensions: 22.00 x 17.00 x 1.00,,1,99,,,,,1,VIP400,VIP160,https://images.junipercdn.com/928/mt1760_lg.jpg,mt1760_lg.jpg,,,VIP800,mt1760_lg.jpg,
|WD. VERTICLE 5 FRAME RED|,MT1811,,,,,,,Dimensions: 11.00 x 39.50 x 0.50,,1,99,,,,,1,VIP400,VIP160,https://images.junipercdn.com/928/mt1811_lg.jpg,mt1811_lg.jpg,,,VIP800,mt1811_lg.jpg,
|RESIN YELLOW FLOWER KNOB|,MT1720,,,,,,,Dimensions: 1.75 x 1.75 x 1.00,,1,99,,,,,1,VIP400,VIP160,https://images.junipercdn.com/928/mt1720_lg.jpg,mt1720_lg.jpg,,,VIP800,mt1720_lg.jpg,
"|PEWTER KNOB ""MRS.""|",MT2541,,,,,,,Dimensions: 2.50 x 2.00 x 2.00,,1,99,,,,,1,VIP400,VIP160,https://images.junipercdn.com/928/mt2541_lg.jpg,mt2541_lg.jpg,,,VIP800,mt2541_lg.jpg,
"|PEWTER KNOB ""MR.""|",MT2542,,,,,,,Dimensions: 2.50 x 2.00 x 2.00,,1,99,,,,,1,VIP400,VIP160,https://images.junipercdn.com/928/mt2542_lg.jpg,mt2542_lg.jpg,,,VIP800,mt2542_lg.jpg,
|WD. RAINBOW SIGNS SET/2|,UN1114,,,,,,,Dimensions: 6.00 x 6.00 x 1.50,,1,99,,,,,1,VIP400,VIP160,https://images.junipercdn.com/928/un1114_lg.jpg,un1114_lg.jpg,,,VIP800,un1114_lg.jpg,
"|WD. MIRROR ""LIFE IS GOOD""|",MT2085,,,,,,,Dimensions: 15.25 x 21.75 x 1.00,,1,99,,,,,1,VIP400,VIP160,https://images.junipercdn.com/928/mt2085_lg.jpg,mt2085_lg.jpg,,,VIP800,mt2085_lg.jpg,
"|WD. SIGN ""MRS.""|",MT2283,,,,,,,Dimensions: 13.00 x 17.00 x 1.25,,1,99,,,,,1,VIP400,VIP160,https://images.junipercdn.com/928/mt2283_lg.jpg,mt2283_lg.jpg,,,VIP800,mt2283_lg.jpg,
|WD. CANDLE HLDRS. S/2|,MH1529,,,,,,,Dimensions: 5.00 x 10.00 x 5.00,,1,99,,,,,1,VIP400,VIP160,https://images.junipercdn.com/928/mh1529_lg.jpg,mh1529_lg.jpg,,,VIP800,mh1529_lg.jpg,
"|WD. TABLETOP SIGN ""BLESS""|",FC1022,,,,,,,Dimensions: 14.50 x 11.50 x 4.50,,1,99,,,,,1,VIP400,VIP160,https://images.junipercdn.com/928/fc1022_lg.jpg,fc1022_lg.jpg,,,VIP800,fc1022_lg.jpg,
"|WD. TABLETOP SIGN ""STAY""|",FC1023,,,,,,,Dimensions: 14.50 x 11.50 x 4.50,,1,99,,,,,1,VIP400,VIP160,https://images.junipercdn.com/928/fc1023_lg.jpg,fc1023_lg.jpg,,,VIP800,fc1023_lg.jpg,
"|WD. TABLETOP SIGN ""GUEST""|",FC1024,,,,,,,Dimensions: 14.50 x 11.50 x 4.50,,1,99,,,,,1,VIP400,VIP160,https://images.junipercdn.com/928/fc1024_lg.jpg,fc1024_lg.jpg,,,VIP800,fc1024_lg.jpg,
|MTL. TRAY W/ DIVIDERS|,ZF1016AFH,,,,,,,Dimensions: 10.00 x 2.70 x 14.30,,1,99,,,,,1,VIP400,VIP160,https://viphomeandgarden.com/ThemeContent/default/img/broken-img.gif,broken-img.gif,,,VIP800,broken-img.gif,
|WD. BLOCKS S/5|,FZ1120,,,,,,,Dimensions: 6.00 x 2.00 x 6.00,,1,99,,,,,1,VIP400,VIP160,https://images.junipercdn.com/928/fz1120_lg.jpg,fz1120_lg.jpg,,,VIP800,fz1120_lg.jpg,
"|WD. BLOCKS ""BE MINE"" S/5|",FZ1124,,,,,,,Dimensions: 4.00 x 2.00 x 4.00,,1,99,,,,,1,VIP400,VIP160,https://images.junipercdn.com/928/fz1124_lg.jpg,fz1124_lg.jpg,,,VIP800,fz1124_lg.jpg,
|MTL. STANDING YIELD SIGN|,MT2143,,,,,,,Dimensions: 7.75 x 7.25 x 1.00,,1,99,,,,,1,VIP400,VIP160,https://images.junipercdn.com/928/mt2143_lg.jpg,mt2143_lg.jpg,,,VIP800,mt2143_lg.jpg,
|MTL. STANDING STOP SIGN|,MT2145,,,,,,,Dimensions: 10.00 x 10.00 x 0.75,,1,99,,,,,1,VIP400,VIP160,https://images.junipercdn.com/928/mt2145_lg.jpg,mt2145_lg.jpg,,,VIP800,mt2145_lg.jpg,
|WD. VERTICAL 5 FRAME GRN|,MT1812,,,,,,,Dimensions: 12.00 x 40.00 x 1.00,,1,99,,,,,1,VIP400,VIP160,https://images.junipercdn.com/928/mt1812_lg.jpg,mt1812_lg.jpg,,,VIP800,mt1812_lg.jpg,
|WD. FRAME COLLAGE|,MT1930,,,,,,,Dimensions: 24.00 x 39.00 x 1.50,,1,99,,,,,1,VIP400,VIP160,https://images.junipercdn.com/928/mt1930_lg.jpg,mt1930_lg.jpg,,,VIP800,mt1930_lg.jpg,
|WD. FRAME BOARD W/HOOKS|,MT2049,,,,,,,Dimensions: 36.00 x 15.00 x 4.50,,1,99,,,,,1,VIP400,VIP160,https://images.junipercdn.com/928/mt2049_lg.jpg,mt2049_lg.jpg,,,VIP800,mt2049_lg.jpg,
"|WD. SIGN ""FAMILY""|",UN1126,,,,,,,Dimensions: 12.00 x 12.00 x 0.50,,1,99,,,,,1,VIP400,VIP160,https://images.junipercdn.com/928/un1126_lg.jpg,un1126_lg.jpg,,,VIP800,un1126_lg.jpg,
|WD. FRAMED ART|,MT3191,,,,,,,Dimensions: 10.00 x 8.00 x 0.50,,1,99,,,,,1,VIP400,VIP160,https://images.junipercdn.com/928/mt3191_lg.jpg,mt3191_lg.jpg,,,VIP800,mt3191_lg.jpg,
|WD. FRAMED BLACKBOARD MD.|,MT3160,,,,,,,Dimensions: 12.00 x 12.00 x 0.75,,1,99,,,,,1,VIP400,VIP160,https://images.junipercdn.com/928/mt3160_lg.jpg,mt3160_lg.jpg,,,VIP800,mt3160_lg.jpg,
|WD. FRAMED BLACKBOARD LG.|,MT3161,,,,,,,Dimensions: 16.00 x 16.00 x 0.75,,1,99,,,,,1,VIP400,VIP160,https://images.junipercdn.com/928/mt3161_lg.jpg,mt3161_lg.jpg,,,VIP800,mt3161_lg.jpg,
|WD. FRAMED BLACKBOARD SM.|,MT3162,,,,,,,Dimensions: 8.00 x 8.00 x 0.75,,1,99,,,,,1,VIP400,VIP160,https://images.junipercdn.com/928/mt3162_lg.jpg,mt3162_lg.jpg,,,VIP800,mt3162_lg.jpg,
|WD. TABLE W/ ENAMEL TOP|,MT2548,,,,,,,Dimensions: 26.00 x 31.00 x 15.75,,1,99,,,,,1,VIP400,VIP160,https://images.junipercdn.com/928/mt2548_lg.jpg,mt2548_lg.jpg,,,VIP800,mt2548_lg.jpg,
|MTL. LANTERNS S/3|,NS1005,,,,,,,Dimensions: 4.00 x 9.00 x 4.00,,1,99,,,,,1,VIP400,VIP160,https://images.junipercdn.com/928/ns1005_lg.jpg,ns1005_lg.jpg,,,VIP800,ns1005_lg.jpg,
|MTL.CANISTERS W/ TRAY|,NS1000,,,,,,,Dimensions: 18.00 x 6.50 x 5.00,,1,99,,,,,1,VIP400,VIP160,https://images.junipercdn.com/928/ns1000_lg.jpg,ns1000_lg.jpg,,,VIP800,ns1000_lg.jpg,
|MTL. FRAME ROD FANCY 3'|,FH1462,,,,,,,Dimensions: 36.00 x 2.00 x 2.00,,1,99,,,,,1,VIP400,VIP160,https://images.junipercdn.com/928/fh1462_lg.jpg,fh1462_lg.jpg,,,VIP800,fh1462_lg.jpg,
|WD. FRAMED ART|,JW1024,,,,,,,Dimensions: 15.50 x 19.75 x 1.00,,1,99,,,,,1,VIP400,VIP160,https://images.junipercdn.com/928/jw1024_lg.jpg,jw1024_lg.jpg,,,VIP800,jw1024_lg.jpg,
|WD. FRAMED ART|,JW1025,,,,,,,Dimensions: 15.50 x 19.75 x 1.00,,1,99,,,,,1,VIP400,VIP160,https://images.junipercdn.com/928/jw1025_lg.jpg,jw1025_lg.jpg,,,VIP800,jw1025_lg.jpg,
|WD. FRAMED SUCCULENT ART|,MT3187,,,,,,,Dimensions: 5.00 x 7.00 x 1.25,,1,99,,,,,1,VIP400,VIP160,https://images.junipercdn.com/928/mt3187_lg.jpg,mt3187_lg.jpg,,,VIP800,mt3187_lg.jpg,
"|WD. TABLETOP DECOR ""HOME""|",MT3171,,,,,,,Dimensions: 10.00 x 7.00 x 2.50,,1,99,,,,,1,VIP400,VIP160,https://images.junipercdn.com/928/mt3171_lg.jpg,mt3171_lg.jpg,,,VIP800,mt3171_lg.jpg,
"|RESIN SIGN ""WELCOME HOME""|",MT3176,,,,,,,Dimensions: 10.00 x 2.50 x 1.50,,1,99,,,,,1,VIP400,VIP160,https://images.junipercdn.com/928/mt3176_lg.jpg,mt3176_lg.jpg,,,VIP800,mt3176_lg.jpg,
|GLASS VASE|,NS1012,,,,,,,Dimensions: 14.00 x 9.25 x 9.25,,1,99,,,,,1,VIP400,VIP160,https://images.junipercdn.com/928/ns1012_lg.jpg,ns1012_lg.jpg,,,VIP800,ns1012_lg.jpg,
|COTTON PILLOW COVER|,RL1025,,,,,,,Dimensions: 18.00 x 18.00 x 0.25,,1,99,,,,,1,VIP400,VIP160,https://images.junipercdn.com/928/rl1025_lg.jpg,rl1025_lg.jpg,,,VIP800,rl1025_lg.jpg,
|COTTON PILLOW COVER|,RL1040,,,,,,,Dimensions: 18.00 x 18.00 x 0.25,,1,99,,,,,1,VIP400,VIP160,https://images.junipercdn.com/928/rl1040_lg.jpg,rl1040_lg.jpg,,,VIP800,rl1040_lg.jpg,
"MTL. WORD ART ""WIFI""",MT2353,,,,,,,Dimensions: 10.00 x 3.00 x 0.25,,1,99,,,,,1,VIP400,VIP160,https://images.junipercdn.com/928/mt2353_lg.jpg,mt2353_lg.jpg,,,VIP800,mt2353_lg.jpg,
