Classic Red Mixed Berry 26 in Pick,CQ965CR,https://whdfloral.com/media/catalog/product/cache/1/image/600x600/9df78eab33525d08d6e5fb8d27136e95/c/q/cq965cr.jpg
All Spice Mixed Berry 26in Pick,CQ965AS,https://whdfloral.com/media/catalog/product/cache/1/image/600x600/9df78eab33525d08d6e5fb8d27136e95/c/q/cq965as.jpg
"Classic Red Black Mixed Berry Set of 2 Wreaths 24"" & 20""",CQ964CRBK,https://whdfloral.com/media/catalog/product/cache/1/image/600x600/9df78eab33525d08d6e5fb8d27136e95/c/q/cq964crbk.jpg
Classic Red Black Mixed Berry 26 in Pick,CQ965CRBK,https://whdfloral.com/media/catalog/product/cache/1/image/600x600/9df78eab33525d08d6e5fb8d27136e95/c/q/cq965crbk_1_.jpg
Black Tan Mixed Berry 26 in Pick,CQ965TBK,https://whdfloral.com/media/catalog/product/cache/1/image/600x600/9df78eab33525d08d6e5fb8d27136e95/c/q/cq965tbk.jpg
Hunter/Burgundy Berries and Tin Stars 4Ft Garland,CQ4198,https://whdfloral.com/media/catalog/product/cache/1/image/600x600/9df78eab33525d08d6e5fb8d27136e95/c/q/cq4198_2.jpg
"All Spice Mixed Berry Set of 2 Wreaths 24"" & 20""",CQ964AS,https://whdfloral.com/media/catalog/product/cache/1/image/600x600/9df78eab33525d08d6e5fb8d27136e95/c/q/cq964as_2.jpg
"Black Tan Mixed Berry Set of 2 Wreaths 24"" & 20""",CQ964TBK,https://whdfloral.com/media/catalog/product/cache/1/image/600x600/9df78eab33525d08d6e5fb8d27136e95/c/q/cq964tbk.jpg
Classic Red Green Cream Mixed Berry 26 in Pick,CQ965CRGC,https://whdfloral.com/media/catalog/product/cache/1/image/600x600/9df78eab33525d08d6e5fb8d27136e95/c/q/cq965crgc.jpg
"Classic Red Green Cream Mixed Berry Set of 2 Wreaths 24"" & 20""",CQ964CRGC,https://whdfloral.com/media/catalog/product/cache/1/image/600x600/9df78eab33525d08d6e5fb8d27136e95/c/q/cq964crgc.jpg
"Classic Red Mixed Berry Set of 2 Wreaths 24"" & 20""",CQ964CR,https://whdfloral.com/media/catalog/product/cache/1/image/600x600/9df78eab33525d08d6e5fb8d27136e95/c/q/cq964cr_2.jpg
Birds Nest & Berries 4ft Garland,CQ5068,https://whdfloral.com/media/catalog/product/cache/1/image/600x600/9df78eab33525d08d6e5fb8d27136e95/c/q/cq5068_1.jpg
Burlap Flowers & Pine 4 ft. Garland,BG4208,https://whdfloral.com/media/catalog/product/cache/1/image/600x600/9df78eab33525d08d6e5fb8d27136e95/b/g/bg4208_1.jpg
