Winter Pine 16in Topiary,CQ5293,,,,,,,,,,,,,,,,Harv400,Harv160,https://whdfloral.com/media/catalog/product/cache/1/image/600x600/9df78eab33525d08d6e5fb8d27136e95/c/q/cq5293.jpg,cq5293.jpg,,,Harv800,cq5293.jpg
"Winter Snow Grass & Pine Swag, 24in",CQ5306,,,,,,,,,,,,,,,,Harv400,Harv160,https://whdfloral.com/media/catalog/product/cache/1/image/600x600/9df78eab33525d08d6e5fb8d27136e95/c/q/cq5306.jpg,cq5306.jpg,,,Harv800,cq5306.jpg
"Bird w/ Green Scarf, 3.5""H (Polyresin)",FQ021,,,,,,,,,,,,,,,,Harv400,Harv160,https://whdfloral.com/media/catalog/product/cache/1/image/600x600/9df78eab33525d08d6e5fb8d27136e95/f/q/fq021_2.jpg,fq021_2.jpg,,,Harv800,fq021_2.jpg
"Bird w/ Red Hat, 2.5""H (Polyresin)",FQ022,,,,,,,,,,,,,,,,Harv400,Harv160,https://whdfloral.com/media/catalog/product/cache/1/image/600x600/9df78eab33525d08d6e5fb8d27136e95/f/q/fq022_1.jpg,fq022_1.jpg,,,Harv800,fq022_1.jpg
"Primitive Swan 13.5""L * 12.75""H",WL038,,,,,,,,,,,,,,,,Harv400,Harv160,https://whdfloral.com/media/catalog/product/cache/1/image/600x600/9df78eab33525d08d6e5fb8d27136e95/w/l/wl038_1_1.jpg,wl038_1_1.jpg,,,Harv800,wl038_1_1.jpg
Cream & Red Icy Berry & Pine XL 2.5in Candle Ring,BG691,,,,,,,,,,,,,,,,Harv400,Harv160,https://whdfloral.com/media/catalog/product/cache/1/image/600x600/9df78eab33525d08d6e5fb8d27136e95/b/g/bg691_icypinebry_25cr_1_.jpg,bg691_icypinebry_25cr_1_.jpg,,,Harv800,bg691_icypinebry_25cr_1_.jpg
Cream & Red Icy Berry & Pine XL 4.5in Candle Ring,BG692,,,,,,,,,,,,,,,,Harv400,Harv160,https://whdfloral.com/media/catalog/product/cache/1/image/600x600/9df78eab33525d08d6e5fb8d27136e95/b/g/bg692_icypinebry_45cr_1_.jpg,bg692_icypinebry_45cr_1_.jpg,,,Harv800,bg692_icypinebry_45cr_1_.jpg
Christmas Grass 2.5 Candle Ring,CQ4141,,,,,,,,,,,,,,,,Harv400,Harv160,https://whdfloral.com/media/catalog/product/cache/1/image/600x600/9df78eab33525d08d6e5fb8d27136e95/c/q/cq4141_3.jpg,cq4141_3.jpg,,,Harv800,cq4141_3.jpg
Christmas Grass 2.5 Candle Ring,CQ414141CLOT,,,,,,,,,,,,,,,,Harv400,Harv160,https://whdfloral.com/media/catalog/product/cache/1/image/600x600/9df78eab33525d08d6e5fb8d27136e95/l/i/little_baby_christmas_grass.jpg,little_baby_christmas_grass.jpg,,,Harv800,little_baby_christmas_grass.jpg
Christmas Grass 4.5 Candle Ring,CQ4142,,,,,,,,,,,,,,,,Harv400,Harv160,https://whdfloral.com/media/catalog/product/cache/1/image/600x600/9df78eab33525d08d6e5fb8d27136e95/c/q/cq4142_3.jpg,cq4142_3.jpg,,,Harv800,cq4142_3.jpg
Holiday Inspiration 4.5in Candle Ring,CQ5272,,,,,,,,,,,,,,,,Harv400,Harv160,https://whdfloral.com/media/catalog/product/cache/1/image/600x600/9df78eab33525d08d6e5fb8d27136e95/c/q/cq5272_1.jpg,cq5272_1.jpg,,,Harv800,cq5272_1.jpg
Jingle All The Way 2.5in Candle Ring,CQ5281,,,,,,,,,,,,,,,,Harv400,Harv160,https://whdfloral.com/media/catalog/product/cache/1/image/600x600/9df78eab33525d08d6e5fb8d27136e95/c/q/cq5281_3.jpg,cq5281_3.jpg,,,Harv800,cq5281_3.jpg
Christmas Grass 4ft Garland,CQ4148,,,,,,,,,,,,,,,,Harv400,Harv160,https://whdfloral.com/media/catalog/product/cache/1/image/600x600/9df78eab33525d08d6e5fb8d27136e95/c/q/cq4148_3.jpg,cq4148_3.jpg,,,Harv800,cq4148_3.jpg
Jingle All The Way 4 Ft Garland,CQ5288,,,,,,,,,,,,,,,,Harv400,Harv160,https://whdfloral.com/media/catalog/product/cache/1/image/600x600/9df78eab33525d08d6e5fb8d27136e95/c/q/cq5288.jpg,cq5288.jpg,,,Harv800,cq5288.jpg
Winter Snow Grass & Pine 4 Ft Garland,CQ5308,,,,,,,,,,,,,,,,Harv400,Harv160,https://whdfloral.com/media/catalog/product/cache/1/image/600x600/9df78eab33525d08d6e5fb8d27136e95/c/q/cq5308.jpg,cq5308.jpg,,,Harv800,cq5308.jpg
Cream & Red Icy Berry & Pine 30in Pick,BG695,,,,,,,,,,,,,,,,Harv400,Harv160,https://whdfloral.com/media/catalog/product/cache/1/image/600x600/9df78eab33525d08d6e5fb8d27136e95/b/g/bg695_icypinebry_pick_1_.jpg,bg695_icypinebry_pick_1_.jpg,,,Harv800,bg695_icypinebry_pick_1_.jpg
Christmas Grass 23in Pick,CQ4145,,,,,,,,,,,,,,,,Harv400,Harv160,https://whdfloral.com/media/catalog/product/cache/1/image/600x600/9df78eab33525d08d6e5fb8d27136e95/c/q/cq4145_3.jpg,cq4145_3.jpg,,,Harv800,cq4145_3.jpg
Jingle All The Way 31in Pick,CQ5285,,,,,,,,,,,,,,,,Harv400,Harv160,https://whdfloral.com/media/catalog/product/cache/1/image/600x600/9df78eab33525d08d6e5fb8d27136e95/c/q/cq5285.jpg,cq5285.jpg,,,Harv800,cq5285.jpg
"Cream & Red Icy Berry & Pine Set of 2 Wreaths 32"" & 26""",BG694,,,,,,,,,,,,,,,,Harv400,Harv160,https://whdfloral.com/media/catalog/product/cache/1/image/600x600/9df78eab33525d08d6e5fb8d27136e95/b/g/bg694_b.jpg,bg694_b.jpg,,,Harv800,bg694_b.jpg
Green Glitter Grass XXL Wreath,CQ1034GG,,,,,,,,,,,,,,,,Harv400,Harv160,https://whdfloral.com/media/catalog/product/cache/1/image/600x600/9df78eab33525d08d6e5fb8d27136e95/w/_/w_grn.jpg,w_grn.jpg,,,Harv800,w_grn.jpg
"Christmas Grass Set of 2 Wreaths 32"" & 28""",CQ4144,,,,,,,,,,,,,,,,Harv400,Harv160,https://whdfloral.com/media/catalog/product/cache/1/image/600x600/9df78eab33525d08d6e5fb8d27136e95/c/q/cq4144_b.jpg,cq4144_b.jpg,,,Harv800,cq4144_b.jpg
Winter Pine Set of 2 Wreaths,CQ5294,,,,,,,,,,,,,,,,Harv400,Harv160,https://whdfloral.com/media/catalog/product/cache/1/image/600x600/9df78eab33525d08d6e5fb8d27136e95/c/q/cq5294_outer.jpg,cq5294_outer.jpg,,,Harv800,cq5294_outer.jpg
Winter Snow Grass & Pine Set of 2 Wreaths,CQ5304,,,,,,,,,,,,,,,,Harv400,Harv160,https://whdfloral.com/media/catalog/product/cache/1/image/600x600/9df78eab33525d08d6e5fb8d27136e95/c/q/cq5304_outer.jpg,cq5304_outer.jpg,,,Harv800,cq5304_outer.jpg
Pumpkin Patch 2.5in Candle Ring,CQ5011,,,,,,,,,,,,,,,,Harv400,Harv160,https://whdfloral.com/media/catalog/product/cache/1/image/600x600/9df78eab33525d08d6e5fb8d27136e95/c/q/cq5011_1.jpg,cq5011_1.jpg,,,Harv800,cq5011_1.jpg
Pumpkin Patch 4.5in Candle Ring,CQ5012,,,,,,,,,,,,,,,,Harv400,Harv160,https://whdfloral.com/media/catalog/product/cache/1/image/600x600/9df78eab33525d08d6e5fb8d27136e95/c/q/cq5012_1.jpg,cq5012_1.jpg,,,Harv800,cq5012_1.jpg
Fall Sunflower 2.5 Candle ring,CQ5131,,,,,,,,,,,,,,,,Harv400,Harv160,https://whdfloral.com/media/catalog/product/cache/1/image/600x600/9df78eab33525d08d6e5fb8d27136e95/c/q/cq5131_2.jpg,cq5131_2.jpg,,,Harv800,cq5131_2.jpg
Bittersweet and Vines 4.5in Candle Ring,CQ5202,,,,,,,,,,,,,,,,Harv400,Harv160,https://whdfloral.com/media/catalog/product/cache/1/image/600x600/9df78eab33525d08d6e5fb8d27136e95/c/q/cq5202_1.jpg,cq5202_1.jpg,,,Harv800,cq5202_1.jpg
Poppy Fields 2.5in Candle Ring,CQ5321,,,,,,,,,,,,,,,,Harv400,Harv160,https://whdfloral.com/media/catalog/product/cache/1/image/600x600/9df78eab33525d08d6e5fb8d27136e95/c/q/cq5321_2.jpg,cq5321_2.jpg,,,Harv800,cq5321_2.jpg
Sunflower Grass 2.5in Candle Ring,CQ5331,,,,,,,,,,,,,,,,Harv400,Harv160,https://whdfloral.com/media/catalog/product/cache/1/image/600x600/9df78eab33525d08d6e5fb8d27136e95/c/q/cq5331_1.jpg,cq5331_1.jpg,,,Harv800,cq5331_1.jpg
French Vanilla,BABEADFVAN,,,,,,,,,,,,,,,,Harv400,Harv160,https://whdfloral.com/media/catalog/product/cache/1/image/600x600/9df78eab33525d08d6e5fb8d27136e95/b/a/babeadfrvan_medium_1_.gif,babeadfrvan_medium_1_.gif,,,Harv800,babeadfrvan_medium_1_.gif
Very Berry,BABEADVEBRY,,,,,,,,,,,,,,,,Harv400,Harv160,https://whdfloral.com/media/catalog/product/cache/1/image/600x600/9df78eab33525d08d6e5fb8d27136e95/b/a/babeadvrybry_medium_1_.gif,babeadvrybry_medium_1_.gif,,,Harv800,babeadvrybry_medium_1_.gif
